-- phpMyAdmin SQL Dump
-- version 4.8.3
-- https://www.phpmyadmin.net/
--
-- Host: 127.0.0.1
-- Generation Time: Sep 30, 2019 at 11:31 PM
-- Server version: 10.1.37-MariaDB
-- PHP Version: 7.2.12

SET SQL_MODE = "NO_AUTO_VALUE_ON_ZERO";
SET AUTOCOMMIT = 0;
START TRANSACTION;
SET time_zone = "+00:00";


/*!40101 SET @OLD_CHARACTER_SET_CLIENT=@@CHARACTER_SET_CLIENT */;
/*!40101 SET @OLD_CHARACTER_SET_RESULTS=@@CHARACTER_SET_RESULTS */;
/*!40101 SET @OLD_COLLATION_CONNECTION=@@COLLATION_CONNECTION */;
/*!40101 SET NAMES utf8mb4 */;

--
-- Database: `db_ujian`
--

-- --------------------------------------------------------

--
-- Table structure for table `bank_soal`
--

CREATE TABLE `bank_soal` (
  `id` int(10) UNSIGNED NOT NULL,
  `course_id` int(11) UNSIGNED NOT NULL,
  `class_id` int(10) UNSIGNED NOT NULL,
  `user_id` bigint(20) UNSIGNED NOT NULL,
  `nama` varchar(255) NOT NULL,
  `materi` varchar(255) NOT NULL,
  `status` int(11) NOT NULL
) ENGINE=InnoDB DEFAULT CHARSET=latin1;

--
-- Dumping data for table `bank_soal`
--

INSERT INTO `bank_soal` (`id`, `course_id`, `class_id`, `user_id`, `nama`, `materi`, `status`) VALUES
(1, 1, 1, 5, 'nama', 'Integral', 0),
(3, 1, 1, 5, 'SOAL UJIAN TENGAH SEMESTER', 'integral', 0),
(4, 1, 1, 5, 'SOAL ULANGAN HARIAN - 1', 'integral', 0),
(5, 1, 1, 5, 'Ulangan Harian 1 Lintas Minat TIK', 'integral', 0),
(6, 1, 1, 5, 'Bank Soal Import', 'Import dari Excel', 0);

-- --------------------------------------------------------

--
-- Table structure for table `classes`
--

CREATE TABLE `classes` (
  `id` int(10) UNSIGNED NOT NULL,
  `code` varchar(8) NOT NULL,
  `name` varchar(255) NOT NULL,
  `user_id` bigint(20) UNSIGNED NOT NULL,
  `course_id` int(10) UNSIGNED NOT NULL,
  `description` text NOT NULL
) ENGINE=InnoDB DEFAULT CHARSET=latin1;

--
-- Dumping data for table `classes`
--

INSERT INTO `classes` (`id`, `code`, `name`, `user_id`, `course_id`, `description`) VALUES
(1, 'd8e16109', 'Matematika XII IPA 2', 5, 1, 'Kelas matematika untuk XII IPA 2');

-- --------------------------------------------------------

--
-- Table structure for table `courses`
--

CREATE TABLE `courses` (
  `id` int(10) UNSIGNED NOT NULL,
  `edu_ladder_id` int(10) UNSIGNED NOT NULL,
  `name` varchar(255) NOT NULL,
  `description` text NOT NULL
) ENGINE=InnoDB DEFAULT CHARSET=latin1;

--
-- Dumping data for table `courses`
--

INSERT INTO `courses` (`id`, `edu_ladder_id`, `name`, `description`) VALUES
(1, 3, 'Matematika XII IPA', 'Pelajaran matematika kelas XII IPA');

-- --------------------------------------------------------

--
-- Table structure for table `edu_ladder`
--

CREATE TABLE `edu_ladder` (
  `id` int(10) UNSIGNED NOT NULL,
  `name` varchar(255) NOT NULL
) ENGINE=InnoDB DEFAULT CHARSET=latin1;

--
-- Dumping data for table `edu_ladder`
--

INSERT INTO `edu_ladder` (`id`, `name`) VALUES
(1, 'Sekolah Menengah Pertama (SMP)'),
(2, 'Madrasah Tsanawiyah (MTs)'),
(3, 'Sekolah Menengah Atas (SMA)'),
(4, 'Madrasah Aliyah (MA)'),
(5, 'Sekolah Menengah Kejuruan (SMK)');

-- --------------------------------------------------------

--
-- Table structure for table `student_course`
--

CREATE TABLE `student_course` (
  `id` int(10) UNSIGNED NOT NULL,
  `user_id` bigint(20) UNSIGNED NOT NULL,
  `course_id` int(10) UNSIGNED NOT NULL
) ENGINE=InnoDB DEFAULT CHARSET=latin1;

-- --------------------------------------------------------

--
-- Table structure for table `tabel_hasil_ulangan`
--

CREATE TABLE `tabel_hasil_ulangan` (
  `id` bigint(20) UNSIGNED NOT NULL,
  `user_id` bigint(20) UNSIGNED NOT NULL,
  `ulangan_id` int(11) UNSIGNED NOT NULL,
  `nilai` float(5,2) NOT NULL
) ENGINE=InnoDB DEFAULT CHARSET=latin1;

--
-- Dumping data for table `tabel_hasil_ulangan`
--

INSERT INTO `tabel_hasil_ulangan` (`id`, `user_id`, `ulangan_id`, `nilai`) VALUES
(14, 21, 11, 65.00),
(15, 17, 11, 30.00),
(16, 33, 11, 35.00),
(17, 22, 11, 60.00),
(18, 29, 11, 50.00),
(19, 41, 11, 70.00),
(20, 13, 11, 60.00),
(21, 19, 11, 65.00),
(22, 31, 11, 55.00),
(23, 18, 11, 75.00),
(24, 23, 11, 30.00),
(25, 34, 11, 45.00),
(26, 45, 11, 15.00),
(27, 25, 11, 65.00),
(28, 16, 11, 40.00),
(29, 36, 11, 65.00),
(30, 20, 11, 40.00),
(31, 32, 11, 65.00),
(32, 46, 11, 40.00),
(33, 30, 11, 65.00),
(34, 15, 11, 55.00),
(35, 47, 11, 30.00),
(36, 37, 11, 70.00),
(37, 27, 11, 60.00),
(38, 38, 11, 45.00),
(39, 44, 11, 60.00),
(40, 47, 11, 30.00),
(41, 42, 11, 40.00),
(42, 49, 11, 50.00),
(43, 49, 11, 50.00),
(44, 28, 11, 57.14),
(45, 14, 11, 45.00),
(46, 48, 11, 55.00),
(47, 26, 11, 57.89),
(48, 54, 12, 50.00),
(49, 55, 12, 65.00),
(51, 53, 12, 65.00),
(52, 52, 12, 70.00),
(53, 88, 12, 70.00),
(54, 57, 12, 45.00),
(55, 52, 12, 70.00),
(56, 69, 12, 50.00),
(57, 76, 12, 65.00),
(58, 52, 12, 70.00),
(59, 60, 12, 80.00),
(60, 62, 12, 65.00),
(61, 79, 12, 80.00),
(62, 66, 12, 80.00),
(63, 68, 12, 80.00),
(64, 67, 12, 65.00),
(65, 88, 12, 70.00),
(66, 52, 12, 70.00),
(67, 92, 12, 50.00),
(68, 76, 12, 65.00),
(69, 78, 12, 90.00),
(70, 76, 12, 65.00),
(71, 76, 12, 65.00),
(72, 58, 12, 80.00),
(73, 81, 12, 70.00),
(74, 74, 12, 60.00),
(75, 52, 12, 70.00),
(76, 63, 12, 75.00),
(77, 64, 12, 85.00),
(78, 82, 12, 70.00),
(79, 65, 12, 75.00),
(80, 71, 12, 95.00),
(81, 83, 12, 80.00),
(82, 59, 12, 55.00),
(83, 65, 12, 75.00),
(84, 84, 12, 75.00),
(85, 70, 12, 80.00),
(86, 91, 12, 35.00),
(87, 77, 12, 90.00),
(88, 4, 13, 0.00),
(89, 93, 14, 1.72),
(90, 93, 14, 1.72),
(93, 97, 17, 66.67),
(94, 102, 17, 93.33),
(95, 105, 17, 93.33),
(96, 95, 17, 93.33),
(97, 100, 17, 93.33),
(98, 110, 17, 86.67),
(99, 104, 17, 93.33),
(100, 114, 17, 100.00),
(101, 116, 17, 100.00),
(102, 96, 17, 80.00),
(103, 103, 17, 100.00),
(104, 111, 17, 100.00),
(105, 124, 17, 93.33),
(106, 117, 17, 93.33),
(107, 119, 17, 80.00),
(108, 101, 17, 66.67),
(109, 112, 17, 100.00),
(110, 98, 17, 73.33),
(111, 113, 17, 100.00),
(112, 120, 15, 80.00),
(113, 121, 17, 93.33),
(114, 115, 15, 93.33),
(115, 118, 17, 93.33),
(116, 109, 17, 73.33),
(117, 125, 17, 53.33);

-- --------------------------------------------------------

--
-- Table structure for table `tabel_jawaban`
--

CREATE TABLE `tabel_jawaban` (
  `id` bigint(20) UNSIGNED NOT NULL,
  `soal_id` int(11) UNSIGNED NOT NULL,
  `type` varchar(10) NOT NULL,
  `jawaban` text NOT NULL,
  `skor` int(4) NOT NULL
) ENGINE=InnoDB DEFAULT CHARSET=latin1;

--
-- Dumping data for table `tabel_jawaban`
--

INSERT INTO `tabel_jawaban` (`id`, `soal_id`, `type`, `jawaban`, `skor`) VALUES
(9, 1, 'esai', 'Soal esai', 5),
(10, 2, 'isian', 'ini jawabannya', 5),
(11, 3, 'gambar', 'S-3_1568949202_1.jpg', 0),
(12, 3, 'gambar', 'S-3_1568405146_2.jpg', 1),
(13, 3, 'gambar', 'S-3_1568405146_3.jpg', 0),
(14, 3, 'gambar', 'S-3_1568405146_4.jpg', 0),
(15, 3, 'gambar', 'S-3_1568405146_5.jpeg', 0),
(31, 4, 'teks', 'pilihan a', 0),
(32, 4, 'teks', 'pilihan b', 0),
(33, 4, 'teks', 'pilihan c', 1),
(34, 4, 'teks', 'pilihan d', 0),
(35, 4, 'teks', 'pilihan e', 0),
(37, 5, 'esai', 'Soal esai', 5),
(38, 6, 'gambar', 'S-7_1568406166_1.jpg', 0),
(39, 6, 'gambar', 'S-7_1568406166_2.jpg', 0),
(40, 6, 'gambar', 'S-7_1568406166_3.jpg', 0),
(41, 6, 'gambar', 'S-7_1568406166_3.jpg', 0),
(42, 6, 'gambar', 'S-7_1568413853_buildsucces.jpg', 1),
(43, 7, 'isian', 'ini isian singkatnya', 5),
(44, 8, 'teks', 'pilihan a', 0),
(45, 8, 'teks', 'pilihan b', 0),
(46, 8, 'teks', 'pilihan c', 0),
(47, 8, 'teks', 'pilihan d', 0),
(48, 8, 'teks', 'pilihan e', 1),
(49, 9, 'esai', 'Soal esai', 5),
(86, 25, 'teks', 'Layout', 0),
(87, 25, 'teks', 'Edit', 0),
(88, 25, 'teks', 'Effect', 0),
(89, 25, 'teks', 'Bitmap', 0),
(90, 25, 'teks', 'File', 1),
(91, 26, 'teks', 'Reduction', 0),
(92, 26, 'teks', 'Gradation', 0),
(93, 26, 'teks', 'Independent', 1),
(94, 26, 'teks', 'Supported', 0),
(95, 26, 'teks', 'Dependent', 0),
(96, 27, 'teks', 'Noise', 0),
(97, 27, 'teks', 'Envelope', 0),
(98, 27, 'teks', 'Resample', 1),
(99, 27, 'teks', 'Contour', 0),
(100, 27, 'teks', 'Dependent', 0),
(101, 28, 'teks', 'Membuat', 0),
(102, 28, 'teks', 'Mengkopi', 1),
(103, 28, 'teks', 'Mengubah', 0),
(104, 28, 'teks', 'Menghapus', 0),
(105, 28, 'teks', 'Mengganti', 0),
(106, 29, 'teks', 'Vektor', 1),
(107, 29, 'teks', 'Batang', 0),
(108, 29, 'teks', 'Pic', 0),
(109, 29, 'teks', 'Mapping', 0),
(110, 29, 'teks', 'Bitmap', 0),
(111, 30, 'teks', 'Pic', 0),
(112, 30, 'teks', 'Dpi', 0),
(113, 30, 'teks', 'Pixel', 1),
(114, 30, 'teks', 'Picture', 0),
(115, 30, 'teks', 'Vektor', 0),
(116, 31, 'teks', 'Vektor', 0),
(117, 31, 'teks', 'Jagged', 0),
(118, 31, 'teks', 'Pixel', 0),
(119, 31, 'teks', 'Render', 0),
(120, 31, 'teks', 'Raster', 1),
(121, 32, 'teks', '.bmp', 0),
(122, 32, 'teks', '.wmf', 1),
(123, 32, 'teks', '.jpeg', 0),
(124, 32, 'teks', '.psd', 0),
(125, 32, 'teks', '.tiff', 0),
(126, 33, 'teks', 'Corel Draw X5', 1),
(127, 33, 'teks', 'Paint Brush', 0),
(128, 33, 'teks', 'Adobe Photoshop', 0),
(129, 33, 'teks', 'Corel Photo Paint', 0),
(130, 33, 'teks', 'Word', 0),
(131, 34, 'teks', 'Pic', 0),
(132, 34, 'teks', 'Lukisan', 0),
(133, 34, 'teks', 'Foto', 0),
(134, 34, 'teks', 'Vektor', 1),
(135, 34, 'teks', 'Bitmap', 0),
(136, 35, 'teks', 'Nondigital', 0),
(137, 35, 'teks', 'Bitmap', 1),
(138, 35, 'teks', 'Vektor', 0),
(139, 35, 'teks', 'Nyata', 0),
(140, 35, 'teks', 'Scalable', 0),
(141, 36, 'teks', 'Nondigital', 0),
(142, 36, 'teks', 'Bitmap', 0),
(143, 36, 'teks', 'Vektor', 1),
(144, 36, 'teks', 'Pixel', 0),
(145, 36, 'teks', 'Scalable', 0),
(146, 37, 'teks', 'Adobe photoshop', 0),
(147, 37, 'teks', 'Corel photo paint', 0),
(148, 37, 'teks', 'GIMP', 0),
(149, 37, 'teks', 'Microsoft paint', 1),
(150, 37, 'teks', 'Inkscape', 0),
(151, 38, 'teks', 'Corel draw', 1),
(152, 38, 'teks', 'Microsoft paint', 0),
(153, 38, 'teks', 'Adobe reader', 0),
(154, 38, 'teks', 'Adobe photoshop', 0),
(155, 38, 'teks', 'Corel capture', 0),
(156, 39, 'teks', 'Pixel', 1),
(157, 39, 'teks', 'Scalable', 0),
(158, 39, 'teks', 'Node', 0),
(159, 39, 'teks', 'Stroke', 0),
(160, 39, 'teks', 'Fill', 0),
(161, 40, 'teks', 'Node', 0),
(162, 40, 'teks', 'Fill', 0),
(163, 40, 'teks', 'Pixel', 0),
(164, 40, 'teks', 'Natural', 1),
(165, 40, 'teks', 'Stroke', 0),
(166, 41, 'teks', 'Bitmap', 0),
(167, 41, 'teks', 'Vektor', 1),
(168, 41, 'teks', 'Natural', 0),
(169, 41, 'teks', 'Nondigital', 0),
(170, 41, 'teks', 'Lukisan', 0),
(171, 42, 'teks', 'Garis', 0),
(172, 42, 'teks', 'Kurva', 0),
(173, 42, 'teks', 'Kotak', 0),
(174, 42, 'teks', 'Lingkaran', 0),
(175, 42, 'teks', 'Foto', 1),
(176, 43, 'teks', 'Lebih kecil', 1),
(177, 43, 'teks', 'Sama', 0),
(178, 43, 'teks', 'Lebih besar', 0),
(179, 43, 'teks', 'Lebih lebar', 0),
(180, 43, 'teks', 'Fleksibel', 0),
(181, 44, 'teks', 'Fotocopy', 0),
(182, 44, 'teks', 'Membuat dengan Inkscape', 0),
(183, 44, 'teks', 'Mengolah dengan GIMP', 0),
(184, 44, 'teks', 'Scanning', 1),
(185, 44, 'teks', 'Membuat pada kanvas', 0),
(186, 45, 'teks', 'Kecil', 0),
(187, 45, 'teks', 'Besar', 1),
(188, 45, 'teks', 'Detail', 0),
(189, 45, 'teks', 'Gelap', 0),
(190, 45, 'teks', 'Terang', 0),
(191, 46, 'teks', '.raw', 1),
(192, 46, 'teks', '.png', 0),
(193, 46, 'teks', '.tiff', 0),
(194, 46, 'teks', '.jpg', 0),
(195, 46, 'teks', '.gif', 0),
(196, 47, 'teks', 'Audio', 0),
(197, 47, 'teks', 'Visual', 0),
(198, 47, 'teks', 'Numerik', 1),
(199, 47, 'teks', 'Statistik', 0),
(200, 47, 'teks', 'Rahasia', 0),
(201, 48, 'teks', 'Bitmap', 0),
(202, 48, 'teks', 'Document', 0),
(203, 48, 'teks', 'Vektor', 1),
(204, 48, 'teks', 'Gambar', 0),
(205, 48, 'teks', 'Font', 0),
(206, 49, 'teks', 'Bitmap', 0),
(207, 49, 'teks', 'Raster', 0),
(208, 49, 'teks', 'Vektor', 1),
(209, 49, 'teks', 'Pixel', 0),
(210, 49, 'teks', 'Carver', 0),
(211, 50, 'teks', 'Corel Draw', 0),
(212, 50, 'teks', 'Powerpoint', 1),
(213, 50, 'teks', 'PaintBrush', 0),
(214, 50, 'teks', 'Autocad', 0),
(215, 50, 'teks', 'Adobe Photoshop', 0),
(216, 51, 'teks', 'Jika Gambarnya diperbesar maka, gambarnya mempunyai warna yang kontinu dan tidak pecah baik warna atau bentuknya', 0),
(217, 51, 'teks', 'Mampu menangkap warna dengan nuansa alami.', 1),
(218, 51, 'teks', 'Memperbesar atau mengecilkan ukuran gambar dapat mempengaruhi kualitas gambarnya.', 0),
(219, 51, 'teks', 'Mempunyai ukuran file yang relatif besar.', 0),
(220, 51, 'teks', 'Apabila dilakukan pemadatan (kompresi) file, kualitas gambar dapat menurun.', 0),
(221, 52, 'teks', 'DPI (Dot Per Inchi)', 1),
(222, 52, 'teks', 'GIF (Graphical Interchange Format)', 0),
(223, 52, 'teks', 'JPG (Joint Photographic Group)', 0),
(224, 52, 'teks', 'TIFF (Tagged Image File Format)', 0),
(225, 52, 'teks', 'BMP (Windows Bitmap)', 0),
(226, 53, 'teks', 'GIF', 0),
(227, 53, 'teks', 'JPG', 0),
(228, 53, 'teks', 'TIFF', 0),
(229, 53, 'teks', 'HPGL', 1),
(230, 53, 'teks', 'BMP', 0),
(231, 54, 'teks', 'Grid', 0),
(232, 54, 'teks', 'Text', 0),
(233, 54, 'teks', 'Spiral', 0),
(234, 54, 'teks', 'Polygon', 1),
(235, 54, 'teks', 'Freehand', 0),
(236, 55, 'teks', 'Resolusi gambar', 1),
(237, 55, 'teks', 'Ukuran gambar', 0),
(238, 55, 'teks', 'Posisi gambar', 0),
(239, 55, 'teks', 'Warna gambar', 0),
(240, 55, 'teks', 'Teks', 0),
(241, 56, 'teks', 'Layout', 0),
(242, 56, 'teks', 'Edit', 0),
(243, 56, 'teks', 'Effect', 0),
(244, 56, 'teks', 'Bitmap', 0),
(245, 56, 'teks', 'File', 1),
(246, 57, 'teks', 'Extrude', 1),
(247, 57, 'teks', 'Envelope', 0),
(248, 57, 'teks', 'Distortion', 0),
(249, 57, 'teks', 'Blend Tool', 0),
(250, 57, 'teks', 'Transparency', 0),
(251, 58, 'teks', 'Microsoft Paint', 0),
(252, 58, 'teks', 'CorelDraw X5', 1),
(253, 58, 'teks', 'Microsoft Word', 0),
(254, 58, 'teks', 'Kamera Digital', 0),
(255, 58, 'teks', 'Photoshop', 0),
(256, 59, 'teks', 'Grid Tool', 0),
(257, 59, 'teks', 'Text Tool', 0),
(258, 59, 'teks', 'Spiral Tool', 0),
(259, 59, 'teks', 'Polygon Tool', 0),
(260, 59, 'teks', 'Table Tool', 1),
(261, 60, 'teks', 'Print', 1),
(262, 60, 'teks', 'Publish', 0),
(263, 60, 'teks', 'Print Out', 0),
(264, 60, 'teks', 'Print Setup', 0),
(265, 60, 'teks', 'Print Review', 0),
(266, 61, 'teks', '*.doc', 0),
(267, 61, 'teks', '*.crt', 0),
(268, 61, 'teks', '*.eps', 0),
(269, 61, 'teks', '*.exe', 0),
(270, 61, 'teks', '*.cdr', 1),
(271, 62, 'teks', 'doc', 0),
(272, 62, 'teks', 'reg', 0),
(273, 62, 'teks', 'int', 0),
(274, 62, 'teks', 'mail', 0),
(275, 62, 'teks', 'html', 1),
(276, 63, 'teks', 'Layouting', 1),
(277, 63, 'teks', 'Deskjet', 0),
(278, 63, 'teks', 'Imaging', 0),
(279, 63, 'teks', 'Publishing', 0),
(280, 63, 'teks', 'Combining', 0),
(281, 64, 'teks', '.psd', 0),
(282, 64, 'teks', '.pdf', 1),
(283, 64, 'teks', '.pcx', 0),
(284, 64, 'teks', '.acr', 0),
(285, 64, 'teks', '.cdr', 0),
(286, 65, 'teks', '.psd', 0),
(287, 65, 'teks', '.jpg', 0),
(288, 65, 'teks', '.pdf', 0),
(289, 65, 'teks', '.wav', 1),
(290, 65, 'teks', '.bmp', 0),
(291, 66, 'teks', 'Ikon', 0),
(292, 66, 'teks', 'Menu', 0),
(293, 66, 'teks', 'Toolbox', 1),
(294, 66, 'teks', 'Toolbar', 0),
(295, 66, 'teks', 'Editor', 0),
(296, 67, 'teks', 'Interactive Fill Tool', 0),
(297, 67, 'teks', 'Curve  Tool', 0),
(298, 67, 'teks', 'Ellipse Tool', 0),
(299, 67, 'teks', 'Fill Tool', 1),
(300, 67, 'teks', 'Crop Tool', 0),
(301, 68, 'teks', 'Ellipse Tool', 0),
(302, 68, 'teks', 'Crop Tool', 0),
(303, 68, 'teks', 'Shape Edit Tool', 1),
(304, 68, 'teks', 'Pick Tool', 0),
(305, 68, 'teks', 'Curve Tool', 0),
(306, 69, 'teks', 'Ellipse Tool', 0),
(307, 69, 'teks', 'Artistic Media Tool', 1),
(308, 69, 'teks', 'Shape Edit Tool', 0),
(309, 69, 'teks', 'Pick Tool', 0),
(310, 69, 'teks', 'Object Tool', 0),
(311, 70, 'teks', 'Ellipse Tool', 0),
(312, 70, 'teks', 'Artistic Media Tool', 0),
(313, 70, 'teks', 'Shape Edit Tool', 0),
(314, 70, 'teks', 'Pick Tool', 0),
(315, 70, 'teks', 'Basic Shapes', 1),
(316, 71, 'teks', 'Ellipse Tool', 0),
(317, 71, 'teks', 'Artistic Media Tool', 0),
(318, 71, 'teks', 'Shape Edit Tool', 0),
(319, 71, 'teks', 'Pick Tool', 0),
(320, 71, 'teks', 'Curve Tool', 1),
(321, 72, 'teks', 'Pixel', 1),
(322, 72, 'teks', 'Scalable', 0),
(323, 72, 'teks', 'Node', 0),
(324, 72, 'teks', 'Stroke', 0),
(325, 72, 'teks', 'Fill', 0),
(326, 73, 'teks', 'Layout, Page Setup', 1),
(327, 73, 'teks', 'File, Page Setup', 0),
(328, 73, 'teks', 'Edit, Layout', 0),
(329, 73, 'teks', 'File, Layout', 0),
(330, 73, 'teks', 'File, New', 0),
(331, 74, 'teks', 'Text fit to path', 0),
(332, 74, 'teks', 'Insert symbol character', 0),
(333, 74, 'teks', 'Insert formatting code', 0),
(334, 74, 'teks', 'Fit text to path', 1),
(335, 74, 'teks', 'Arrange Transformation', 0),
(336, 75, 'teks', 'Ms. Acces', 0),
(337, 75, 'teks', 'Ms. Excel', 0),
(338, 75, 'teks', 'Ms. Word', 1),
(339, 75, 'teks', 'Ms. PowerPoint', 0),
(340, 75, 'teks', 'Ms. Windows', 0),
(343, 78, 'teks', 'Layout button', 0),
(344, 78, 'teks', 'Scroll bar vertikal', 1),
(345, 78, 'teks', 'Ruller', 0),
(346, 78, 'teks', 'Scroll bar horizontal', 0),
(347, 78, 'teks', 'Ribbon', 0),
(348, 79, 'teks', 'Home', 0),
(349, 79, 'teks', 'Insert', 1),
(350, 79, 'teks', 'Page Layout', 0),
(351, 79, 'teks', 'Reference', 0),
(352, 79, 'teks', 'Mailings', 0),
(353, 80, 'teks', 'Top', 1),
(354, 80, 'teks', 'Bottom', 0),
(355, 80, 'teks', 'Left', 0),
(356, 80, 'teks', 'Right', 0),
(357, 80, 'teks', 'Center', 0),
(358, 81, 'teks', 'Membuat dokumen baru', 0),
(359, 81, 'teks', 'Membuat dokumen baru', 0),
(360, 81, 'teks', 'Menutup dokumen', 0),
(361, 81, 'teks', 'Menyimpan dokumen', 1),
(362, 81, 'teks', 'Mengatur tampilan', 0),
(363, 82, 'teks', 'Home', 0),
(364, 82, 'teks', 'Insert', 1),
(365, 82, 'teks', 'Page Layout', 0),
(366, 82, 'teks', 'Reference', 0),
(367, 82, 'teks', 'Mailings', 0),
(368, 83, 'teks', 'Font Style', 0),
(369, 83, 'teks', 'AutoCorrect', 0),
(370, 83, 'teks', 'Auto Format', 0),
(371, 83, 'teks', 'Font Color', 0),
(372, 83, 'teks', 'Drop Cap', 1),
(373, 84, 'teks', 'Indentasi', 0),
(374, 84, 'teks', 'First Line', 0),
(375, 84, 'teks', 'Line Spacing', 1),
(376, 84, 'teks', 'Paragraph', 0),
(377, 84, 'teks', 'Table', 0),
(378, 85, 'teks', 'Ctrl + I', 1),
(379, 85, 'teks', 'Ctrl + A', 0),
(380, 85, 'teks', 'Ctrl + U', 0),
(381, 85, 'teks', 'Ctrl + C', 0),
(382, 85, 'teks', 'Ctrl + B', 0),
(383, 86, 'teks', 'Home', 0),
(384, 86, 'teks', 'Insert', 0),
(385, 86, 'teks', 'View', 1),
(386, 86, 'teks', 'Reference', 0),
(387, 86, 'teks', 'Review', 0),
(388, 87, 'teks', '1', 0),
(389, 87, 'teks', '2', 0),
(390, 87, 'teks', '3', 0),
(391, 87, 'teks', '4', 1),
(392, 87, 'teks', '5', 0),
(393, 88, 'teks', 'A4', 1),
(394, 88, 'teks', 'A5', 0),
(395, 88, 'teks', 'Letter', 0),
(396, 88, 'teks', 'Legal', 0),
(397, 88, 'teks', 'Kwarto', 0),
(398, 89, 'teks', 'Chart?A. Insert', 0),
(399, 89, 'teks', 'Smart Art?B. Insert', 0),
(400, 89, 'teks', 'Shapes?C. Insert', 0),
(401, 89, 'teks', 'Clip Art?D. Insert', 0),
(402, 89, 'teks', 'Picture?E. Insert', 1),
(403, 90, 'teks', 'Office Button – New – Blank Dokument', 1),
(404, 90, 'teks', 'Office Button – New – Open', 0),
(405, 90, 'teks', 'Home – New – Blank Dokumen', 0),
(406, 90, 'teks', 'Insert – New – Blank Dokumen', 0),
(407, 90, 'teks', 'Office Button – Home – New', 0),
(408, 91, 'teks', 'Insert', 0),
(409, 91, 'teks', 'Auto Correct', 1),
(410, 91, 'teks', 'Find', 0),
(411, 91, 'teks', 'Replace', 0),
(412, 91, 'teks', 'Editing', 0),
(423, 93, 'teks', 'pilihan A', 0),
(424, 93, 'teks', 'pilihan B', 0),
(425, 93, 'teks', 'pilihan C', 1),
(426, 93, 'teks', 'pilihan D', 0),
(427, 93, 'teks', 'pilihan E', 0);

-- --------------------------------------------------------

--
-- Table structure for table `tabel_jawaban_siswa`
--

CREATE TABLE `tabel_jawaban_siswa` (
  `id` bigint(20) UNSIGNED NOT NULL,
  `ulangan_id` int(10) UNSIGNED NOT NULL,
  `soal_id` int(11) UNSIGNED NOT NULL,
  `user_id` bigint(20) UNSIGNED NOT NULL,
  `option` varchar(1) NOT NULL,
  `jawaban` text NOT NULL,
  `skor` int(11) NOT NULL,
  `uncertain` int(1) NOT NULL
) ENGINE=InnoDB DEFAULT CHARSET=latin1;

--
-- Dumping data for table `tabel_jawaban_siswa`
--

INSERT INTO `tabel_jawaban_siswa` (`id`, `ulangan_id`, `soal_id`, `user_id`, `option`, `jawaban`, `skor`, `uncertain`) VALUES
(51, 1, 8, 4, 'B', '45', 0, 0),
(54, 1, 7, 4, '', 'jawaban', 0, 0),
(55, 1, 2, 4, '', 'okemi', 0, 0),
(58, 1, 1, 4, '', 'jawaban', 0, 1),
(59, 1, 5, 4, '', '', 0, 0),
(64, 9, 36, 10, 'C', '143', 1, 0),
(65, 9, 41, 10, 'B', '167', 1, 0),
(66, 9, 47, 10, 'B', '197', 0, 0),
(67, 9, 39, 10, 'A', '156', 1, 0),
(68, 9, 38, 10, 'A', '151', 1, 0),
(69, 9, 29, 10, 'A', '106', 1, 0),
(70, 9, 26, 10, 'C', '93', 1, 0),
(71, 9, 32, 10, 'B', '122', 1, 0),
(72, 9, 43, 10, 'A', '176', 1, 0),
(73, 9, 48, 10, 'C', '203', 1, 0),
(74, 9, 73, 10, 'A', '326', 1, 0),
(75, 9, 56, 10, 'E', '245', 1, 0),
(76, 9, 53, 10, 'D', '229', 1, 0),
(77, 9, 67, 10, 'D', '299', 1, 0),
(78, 9, 54, 10, 'D', '234', 1, 0),
(79, 9, 71, 10, 'C', '318', 0, 0),
(80, 9, 70, 10, 'E', '315', 1, 0),
(81, 9, 57, 10, 'A', '246', 1, 0),
(82, 9, 58, 10, 'B', '252', 1, 0),
(83, 9, 74, 10, 'A', '331', 0, 0),
(104, 11, 50, 36, 'B', '212', 1, 0),
(105, 11, 70, 36, 'E', '315', 1, 0),
(106, 11, 56, 36, 'B', '242', 0, 0),
(107, 11, 71, 36, 'E', '320', 1, 0),
(108, 11, 73, 36, 'A', '326', 1, 0),
(109, 11, 64, 36, 'B', '282', 1, 0),
(110, 11, 65, 36, 'D', '289', 1, 0),
(111, 11, 54, 36, 'D', '234', 1, 0),
(112, 11, 63, 36, 'A', '276', 1, 0),
(113, 11, 51, 36, 'C', '218', 0, 0),
(114, 11, 31, 36, 'E', '120', 1, 0),
(115, 11, 26, 36, 'E', '95', 0, 0),
(116, 11, 49, 36, 'C', '208', 1, 0),
(117, 11, 45, 36, 'C', '188', 0, 0),
(118, 11, 37, 36, 'D', '149', 1, 0),
(119, 11, 43, 36, 'E', '180', 0, 0),
(120, 11, 35, 36, 'B', '137', 1, 0),
(121, 11, 28, 36, 'B', '102', 1, 0),
(122, 11, 34, 36, 'E', '135', 0, 0),
(123, 11, 36, 36, 'A', '141', 0, 0),
(124, 11, 72, 29, 'A', '321', 1, 0),
(125, 11, 67, 29, 'E', '300', 0, 0),
(126, 11, 73, 29, 'A', '326', 1, 0),
(127, 11, 68, 29, 'C', '303', 1, 0),
(128, 11, 55, 29, 'A', '236', 1, 0),
(129, 11, 61, 29, 'B', '267', 0, 0),
(130, 11, 53, 29, 'A', '226', 0, 0),
(131, 11, 62, 29, 'E', '275', 1, 0),
(132, 11, 69, 29, 'B', '307', 1, 0),
(133, 11, 51, 29, 'A', '216', 0, 0),
(134, 11, 30, 29, 'A', '111', 0, 0),
(135, 11, 47, 29, 'C', '198', 1, 0),
(136, 11, 43, 29, 'C', '178', 0, 0),
(137, 11, 39, 29, 'A', '156', 1, 0),
(138, 11, 29, 29, 'A', '106', 1, 0),
(139, 11, 36, 29, 'D', '144', 0, 0),
(140, 11, 49, 29, 'A', '206', 0, 0),
(141, 11, 35, 29, 'B', '137', 1, 0),
(142, 11, 41, 29, 'C', '168', 0, 0),
(143, 11, 34, 29, 'A', '131', 0, 0),
(144, 11, 63, 20, 'A', '276', 1, 0),
(145, 11, 68, 20, 'E', '305', 0, 0),
(146, 11, 69, 20, 'B', '307', 1, 0),
(147, 11, 50, 20, 'B', '212', 1, 0),
(148, 11, 66, 20, 'C', '293', 1, 0),
(149, 11, 65, 20, 'E', '290', 0, 0),
(150, 11, 53, 20, 'E', '230', 0, 0),
(151, 11, 55, 20, 'B', '237', 0, 0),
(152, 11, 70, 20, 'C', '313', 0, 0),
(153, 11, 64, 20, 'E', '285', 0, 0),
(154, 11, 44, 20, 'C', '183', 0, 0),
(155, 11, 46, 20, 'D', '194', 0, 0),
(156, 11, 40, 20, 'C', '163', 0, 0),
(157, 11, 43, 20, 'A', '176', 1, 0),
(158, 11, 33, 20, 'A', '126', 1, 0),
(159, 11, 41, 20, 'B', '167', 1, 0),
(160, 11, 31, 20, 'E', '120', 1, 0),
(161, 11, 26, 20, 'E', '95', 0, 0),
(162, 11, 27, 20, 'A', '96', 0, 0),
(163, 11, 37, 20, 'A', '146', 0, 0),
(164, 11, 63, 17, 'A', '276', 1, 0),
(165, 11, 68, 17, 'A', '301', 0, 0),
(166, 11, 72, 17, 'A', '321', 1, 0),
(167, 11, 55, 17, 'C', '238', 0, 0),
(168, 11, 61, 17, 'C', '268', 0, 0),
(169, 11, 53, 17, 'E', '230', 0, 0),
(170, 11, 50, 17, 'B', '212', 1, 0),
(171, 11, 73, 17, 'C', '328', 0, 0),
(172, 11, 70, 17, 'A', '311', 0, 0),
(173, 11, 57, 17, 'D', '249', 0, 0),
(174, 11, 40, 17, 'D', '164', 1, 0),
(175, 11, 26, 17, 'A', '91', 0, 0),
(176, 11, 25, 17, 'E', '90', 1, 0),
(177, 11, 34, 17, 'E', '135', 0, 0),
(178, 11, 38, 17, 'D', '154', 0, 0),
(179, 11, 27, 17, 'D', '99', 0, 0),
(180, 11, 45, 17, 'B', '187', 1, 0),
(181, 11, 33, 17, 'C', '128', 0, 0),
(182, 11, 47, 17, 'B', '197', 0, 0),
(183, 11, 37, 17, 'B', '147', 0, 0),
(184, 11, 63, 34, 'C', '278', 0, 0),
(185, 11, 70, 34, 'E', '315', 1, 0),
(186, 11, 69, 34, 'B', '307', 1, 0),
(187, 11, 71, 34, 'C', '318', 0, 0),
(188, 11, 57, 34, 'C', '248', 0, 0),
(189, 11, 64, 34, 'E', '285', 0, 0),
(190, 11, 72, 34, 'A', '321', 1, 0),
(191, 11, 74, 34, 'A', '331', 0, 0),
(192, 11, 56, 34, 'E', '245', 1, 0),
(193, 11, 55, 34, 'B', '237', 0, 0),
(194, 11, 35, 34, 'B', '137', 1, 0),
(195, 11, 26, 34, 'A', '91', 0, 0),
(196, 11, 46, 34, 'D', '194', 0, 0),
(197, 11, 39, 34, 'A', '156', 1, 0),
(198, 11, 27, 34, 'B', '97', 0, 0),
(199, 11, 43, 34, 'E', '180', 0, 0),
(200, 11, 41, 34, 'A', '166', 0, 0),
(201, 11, 38, 34, 'A', '151', 1, 0),
(202, 11, 29, 34, 'A', '106', 1, 0),
(203, 11, 36, 34, 'C', '143', 1, 0),
(204, 11, 59, 31, 'E', '260', 1, 0),
(205, 11, 66, 31, 'D', '294', 0, 0),
(206, 11, 51, 31, 'A', '216', 0, 0),
(207, 11, 62, 31, 'E', '275', 1, 0),
(208, 11, 64, 31, 'B', '282', 1, 0),
(209, 11, 56, 31, 'B', '242', 0, 0),
(210, 11, 55, 31, 'A', '236', 1, 0),
(211, 11, 71, 31, 'C', '318', 0, 0),
(212, 11, 70, 31, 'A', '311', 0, 0),
(213, 11, 52, 31, 'E', '225', 0, 0),
(214, 11, 26, 31, 'C', '93', 1, 0),
(215, 11, 39, 31, 'A', '156', 1, 0),
(216, 11, 27, 31, 'D', '99', 0, 0),
(217, 11, 42, 31, 'E', '175', 1, 0),
(218, 11, 40, 31, 'D', '164', 1, 0),
(219, 11, 45, 31, 'B', '187', 1, 0),
(220, 11, 47, 31, 'B', '197', 0, 0),
(221, 11, 25, 31, 'D', '89', 0, 0),
(222, 11, 35, 31, 'B', '137', 1, 0),
(223, 11, 43, 31, 'A', '176', 1, 0),
(224, 11, 51, 13, 'C', '218', 0, 0),
(225, 11, 66, 13, 'D', '294', 0, 0),
(226, 11, 74, 13, 'A', '331', 0, 0),
(227, 11, 58, 13, 'B', '252', 1, 0),
(228, 11, 56, 13, 'E', '245', 1, 0),
(229, 11, 72, 13, 'A', '321', 1, 0),
(230, 11, 70, 13, 'C', '313', 0, 0),
(231, 11, 53, 13, 'C', '228', 0, 0),
(232, 11, 68, 13, 'B', '302', 0, 0),
(233, 11, 64, 13, 'E', '285', 0, 0),
(234, 11, 29, 13, 'E', '110', 0, 0),
(235, 11, 26, 13, 'C', '93', 1, 0),
(236, 11, 28, 13, 'B', '102', 1, 0),
(237, 11, 39, 13, 'A', '156', 1, 0),
(238, 11, 34, 13, 'D', '134', 1, 0),
(239, 11, 35, 13, 'B', '137', 1, 0),
(240, 11, 40, 13, 'D', '164', 1, 0),
(241, 11, 49, 13, 'C', '208', 1, 0),
(242, 11, 25, 13, 'E', '90', 1, 0),
(243, 11, 36, 13, 'C', '143', 1, 0),
(244, 11, 67, 27, 'D', '299', 1, 0),
(245, 11, 55, 27, 'C', '238', 0, 0),
(246, 11, 63, 27, 'D', '279', 0, 0),
(247, 11, 69, 27, 'B', '307', 1, 0),
(248, 11, 54, 27, 'D', '234', 1, 0),
(249, 11, 52, 27, 'B', '222', 0, 0),
(250, 11, 56, 27, 'E', '245', 1, 0),
(251, 11, 50, 27, 'B', '212', 1, 0),
(252, 11, 65, 27, 'D', '289', 1, 0),
(253, 11, 61, 27, 'E', '270', 1, 0),
(254, 11, 46, 27, 'D', '194', 0, 0),
(255, 11, 42, 27, 'E', '175', 1, 0),
(256, 11, 47, 27, 'B', '197', 0, 0),
(257, 11, 34, 27, 'A', '131', 0, 0),
(258, 11, 36, 27, 'C', '143', 1, 0),
(259, 11, 27, 27, 'D', '99', 0, 0),
(260, 11, 38, 27, 'D', '154', 0, 0),
(261, 11, 33, 27, 'A', '126', 1, 0),
(262, 11, 39, 27, 'A', '156', 1, 0),
(263, 11, 28, 27, 'B', '102', 1, 0),
(264, 11, 60, 14, 'A', '261', 1, 0),
(265, 11, 51, 14, 'A', '216', 0, 0),
(266, 11, 63, 14, 'A', '276', 1, 0),
(267, 11, 68, 14, 'E', '305', 0, 0),
(268, 11, 64, 14, 'E', '285', 0, 0),
(269, 11, 72, 14, 'A', '321', 1, 0),
(270, 11, 74, 14, 'D', '334', 1, 0),
(271, 11, 53, 14, 'A', '226', 0, 0),
(272, 11, 70, 14, 'C', '313', 0, 0),
(273, 11, 61, 14, 'C', '268', 0, 0),
(274, 11, 25, 14, 'E', '90', 1, 0),
(275, 11, 41, 14, 'B', '167', 1, 0),
(276, 11, 35, 14, 'B', '137', 1, 0),
(277, 11, 33, 14, 'A', '126', 1, 0),
(278, 11, 43, 14, 'C', '178', 0, 0),
(279, 11, 46, 14, 'D', '194', 0, 0),
(280, 11, 49, 14, 'C', '208', 1, 0),
(281, 11, 26, 14, 'A', '91', 0, 0),
(282, 11, 44, 14, 'A', '181', 0, 0),
(283, 11, 37, 14, 'B', '147', 0, 0),
(284, 11, 59, 22, 'E', '260', 1, 0),
(285, 11, 66, 22, 'C', '293', 1, 0),
(286, 11, 63, 22, 'C', '278', 0, 0),
(287, 11, 58, 22, 'B', '252', 1, 0),
(288, 11, 69, 22, 'E', '310', 0, 0),
(289, 11, 70, 22, 'B', '312', 0, 0),
(290, 11, 73, 22, 'C', '328', 0, 0),
(291, 11, 74, 22, 'D', '334', 1, 0),
(292, 11, 56, 22, 'E', '245', 1, 0),
(293, 11, 50, 22, 'E', '215', 0, 0),
(294, 11, 27, 22, 'B', '97', 0, 0),
(295, 11, 34, 22, 'D', '134', 1, 0),
(296, 11, 36, 22, 'C', '143', 1, 0),
(297, 11, 49, 22, 'C', '208', 1, 0),
(298, 11, 37, 22, 'C', '148', 0, 0),
(299, 11, 32, 22, 'B', '122', 1, 0),
(300, 11, 31, 22, 'E', '120', 1, 0),
(301, 11, 48, 22, 'C', '203', 1, 0),
(302, 11, 39, 22, 'C', '158', 0, 0),
(303, 11, 47, 22, 'C', '198', 1, 0),
(304, 11, 71, 38, 'E', '320', 1, 0),
(305, 11, 66, 38, 'D', '294', 0, 0),
(306, 11, 60, 38, 'E', '265', 0, 0),
(307, 11, 64, 38, 'E', '285', 0, 0),
(308, 11, 54, 38, 'D', '234', 1, 0),
(309, 11, 57, 38, 'B', '247', 0, 0),
(310, 11, 50, 38, 'B', '212', 1, 0),
(311, 11, 58, 38, 'E', '255', 0, 0),
(312, 11, 61, 38, 'E', '270', 1, 0),
(313, 11, 55, 38, 'C', '238', 0, 0),
(314, 11, 38, 38, 'A', '151', 1, 0),
(315, 11, 48, 38, 'A', '201', 0, 0),
(316, 11, 34, 38, 'B', '132', 0, 0),
(317, 11, 41, 38, 'B', '167', 1, 0),
(318, 11, 37, 38, 'D', '149', 1, 0),
(319, 11, 44, 38, 'D', '184', 1, 0),
(320, 11, 47, 38, 'B', '197', 0, 0),
(321, 11, 26, 38, 'A', '91', 0, 0),
(322, 11, 28, 38, 'B', '102', 1, 0),
(323, 11, 43, 38, 'B', '177', 0, 0),
(324, 11, 74, 18, 'D', '334', 1, 0),
(325, 11, 65, 18, 'D', '289', 1, 0),
(326, 11, 50, 18, 'B', '212', 1, 0),
(327, 11, 68, 18, 'E', '305', 0, 0),
(328, 11, 61, 18, 'E', '270', 1, 0),
(329, 11, 64, 18, 'D', '284', 0, 0),
(330, 11, 52, 18, 'A', '221', 1, 0),
(331, 11, 57, 18, 'D', '249', 0, 0),
(332, 11, 73, 18, 'A', '326', 1, 0),
(333, 11, 69, 18, 'B', '307', 1, 0),
(334, 11, 25, 18, 'E', '90', 1, 0),
(335, 11, 27, 18, 'D', '99', 0, 0),
(336, 11, 44, 18, 'D', '184', 1, 0),
(337, 11, 35, 18, 'D', '139', 0, 0),
(338, 11, 42, 18, 'E', '175', 1, 0),
(339, 11, 36, 18, 'C', '143', 1, 0),
(340, 11, 33, 18, 'A', '126', 1, 0),
(341, 11, 26, 18, 'C', '93', 1, 0),
(342, 11, 30, 18, 'C', '113', 1, 0),
(343, 11, 49, 18, 'C', '208', 1, 0),
(344, 11, 50, 23, 'A', '211', 0, 0),
(345, 11, 57, 23, 'D', '249', 0, 0),
(346, 11, 72, 23, 'C', '323', 0, 0),
(347, 11, 69, 23, 'E', '310', 0, 0),
(348, 11, 71, 23, 'E', '320', 1, 0),
(349, 11, 53, 23, 'E', '230', 0, 0),
(350, 11, 65, 23, 'B', '287', 0, 0),
(351, 11, 58, 23, 'B', '252', 1, 0),
(352, 11, 61, 23, 'B', '267', 0, 0),
(353, 11, 67, 23, 'D', '299', 1, 0),
(354, 11, 47, 23, 'B', '197', 0, 0),
(355, 11, 28, 23, 'E', '105', 0, 0),
(356, 11, 38, 23, 'E', '155', 0, 0),
(357, 11, 33, 23, 'B', '127', 0, 0),
(358, 11, 31, 23, 'A', '116', 0, 0),
(359, 11, 27, 23, 'D', '99', 0, 0),
(360, 11, 44, 23, 'C', '183', 0, 0),
(361, 11, 48, 23, 'C', '203', 1, 0),
(362, 11, 49, 23, 'C', '208', 1, 0),
(363, 11, 34, 23, 'D', '134', 1, 0),
(364, 11, 50, 25, 'C', '213', 0, 0),
(365, 11, 63, 25, 'A', '276', 1, 0),
(366, 11, 52, 25, 'C', '223', 0, 0),
(367, 11, 62, 25, 'E', '275', 1, 0),
(368, 11, 56, 25, 'E', '245', 1, 0),
(369, 11, 65, 25, 'D', '289', 1, 0),
(370, 11, 54, 25, 'D', '234', 1, 0),
(371, 11, 72, 25, 'A', '321', 1, 0),
(372, 11, 60, 25, 'A', '261', 1, 0),
(373, 11, 55, 25, 'A', '236', 1, 0),
(374, 11, 36, 25, 'C', '143', 1, 0),
(375, 11, 44, 25, 'B', '182', 0, 0),
(376, 11, 29, 25, 'E', '110', 0, 0),
(377, 11, 30, 25, 'C', '113', 1, 0),
(378, 11, 43, 25, 'A', '176', 1, 0),
(379, 11, 35, 25, 'B', '137', 1, 0),
(380, 11, 27, 25, 'B', '97', 0, 0),
(381, 11, 47, 25, 'B', '197', 0, 0),
(382, 11, 48, 25, 'A', '201', 0, 0),
(383, 11, 31, 25, 'E', '120', 1, 0),
(384, 11, 61, 32, 'E', '270', 1, 0),
(385, 11, 60, 32, 'E', '265', 0, 0),
(386, 11, 58, 32, 'B', '252', 1, 0),
(387, 11, 69, 32, 'B', '307', 1, 0),
(388, 11, 68, 32, 'E', '305', 0, 0),
(389, 11, 54, 32, 'D', '234', 1, 0),
(390, 11, 51, 32, 'B', '217', 1, 0),
(391, 11, 71, 32, 'E', '320', 1, 0),
(392, 11, 56, 32, 'E', '245', 1, 0),
(393, 11, 70, 32, 'E', '315', 1, 0),
(394, 11, 33, 32, 'A', '126', 1, 0),
(395, 11, 29, 32, 'D', '109', 0, 0),
(396, 11, 39, 32, 'A', '156', 1, 0),
(397, 11, 27, 32, 'D', '99', 0, 0),
(398, 11, 36, 32, 'C', '143', 1, 0),
(399, 11, 34, 32, 'A', '131', 0, 0),
(400, 11, 38, 32, 'A', '151', 1, 0),
(401, 11, 44, 32, 'B', '182', 0, 0),
(402, 11, 46, 32, 'D', '194', 0, 0),
(403, 11, 28, 32, 'B', '102', 1, 0),
(404, 11, 55, 28, 'A', '236', 1, 0),
(405, 11, 53, 28, 'A', '226', 0, 0),
(406, 11, 73, 28, 'A', '326', 1, 0),
(407, 11, 70, 28, 'C', '313', 0, 0),
(408, 11, 60, 28, 'A', '261', 1, 0),
(409, 11, 66, 28, 'D', '294', 0, 0),
(410, 11, 72, 28, 'A', '321', 1, 0),
(411, 11, 54, 28, 'D', '234', 1, 0),
(412, 11, 59, 28, 'E', '260', 1, 0),
(413, 11, 56, 28, '', '', 0, 0),
(414, 11, 31, 28, '', '', 0, 0),
(415, 11, 42, 28, '', '', 0, 0),
(416, 11, 40, 28, '', '', 0, 0),
(417, 11, 26, 28, '', '', 0, 0),
(418, 11, 46, 28, '', '', 0, 0),
(419, 11, 45, 28, '', '', 0, 0),
(420, 11, 49, 28, 'D', '209', 0, 0),
(421, 11, 48, 28, 'E', '205', 0, 0),
(422, 11, 35, 28, 'B', '137', 1, 0),
(423, 11, 29, 28, 'A', '106', 1, 0),
(424, 11, 52, 33, 'A', '221', 1, 0),
(425, 11, 53, 33, 'E', '230', 0, 0),
(426, 11, 54, 33, 'D', '234', 1, 0),
(427, 11, 67, 33, 'C', '298', 0, 0),
(428, 11, 66, 33, 'D', '294', 0, 0),
(429, 11, 50, 33, 'B', '212', 1, 0),
(430, 11, 65, 33, 'C', '288', 0, 0),
(431, 11, 74, 33, 'B', '332', 0, 0),
(432, 11, 69, 33, 'B', '307', 1, 0),
(433, 11, 51, 33, 'A', '216', 0, 0),
(434, 11, 42, 33, 'E', '175', 1, 0),
(435, 11, 30, 33, 'E', '115', 0, 0),
(436, 11, 49, 33, 'A', '206', 0, 0),
(437, 11, 37, 33, 'B', '147', 0, 0),
(438, 11, 46, 33, 'D', '194', 0, 0),
(439, 11, 35, 33, 'D', '139', 0, 0),
(440, 11, 40, 33, 'D', '164', 1, 0),
(441, 11, 33, 33, 'A', '126', 1, 0),
(442, 11, 32, 33, 'D', '124', 0, 0),
(443, 11, 34, 33, 'B', '132', 0, 0),
(444, 11, 59, 37, 'E', '260', 1, 0),
(445, 11, 70, 37, 'C', '313', 0, 0),
(446, 11, 71, 37, 'E', '320', 1, 0),
(447, 11, 72, 37, 'A', '321', 1, 0),
(448, 11, 67, 37, 'D', '299', 1, 0),
(449, 11, 74, 37, 'D', '334', 1, 0),
(450, 11, 64, 37, 'D', '284', 0, 0),
(451, 11, 60, 37, 'E', '265', 0, 0),
(452, 11, 58, 37, 'B', '252', 1, 0),
(453, 11, 73, 37, 'A', '326', 1, 0),
(454, 11, 40, 37, 'D', '164', 1, 0),
(455, 11, 26, 37, 'B', '92', 0, 0),
(456, 11, 43, 37, 'A', '176', 1, 0),
(457, 11, 48, 37, 'C', '203', 1, 0),
(458, 11, 25, 37, 'E', '90', 1, 0),
(459, 11, 33, 37, 'A', '126', 1, 0),
(460, 11, 44, 37, 'D', '184', 1, 0),
(461, 11, 27, 37, 'A', '96', 0, 0),
(462, 11, 42, 37, 'E', '175', 1, 0),
(463, 11, 35, 37, 'D', '139', 0, 0),
(464, 11, 72, 19, 'A', '321', 1, 0),
(465, 11, 61, 19, 'E', '270', 1, 0),
(466, 11, 50, 19, 'B', '212', 1, 0),
(467, 11, 62, 19, 'E', '275', 1, 0),
(468, 11, 52, 19, 'A', '221', 1, 0),
(469, 11, 65, 19, 'D', '289', 1, 0),
(470, 11, 58, 19, 'B', '252', 1, 0),
(471, 11, 69, 19, 'B', '307', 1, 0),
(472, 11, 51, 19, 'A', '216', 0, 0),
(473, 11, 63, 19, 'A', '276', 1, 0),
(474, 11, 33, 19, 'C', '128', 0, 0),
(475, 11, 47, 19, 'B', '197', 0, 0),
(476, 11, 27, 19, 'B', '97', 0, 0),
(477, 11, 36, 19, 'C', '143', 1, 0),
(478, 11, 45, 19, 'A', '186', 0, 0),
(479, 11, 32, 19, 'B', '122', 1, 0),
(480, 11, 31, 19, 'C', '118', 0, 0),
(481, 11, 29, 19, 'E', '110', 0, 0),
(482, 11, 48, 19, 'C', '203', 1, 0),
(483, 11, 49, 19, 'C', '208', 1, 0),
(484, 11, 74, 21, 'A', '331', 0, 0),
(485, 11, 56, 21, 'E', '245', 1, 0),
(486, 11, 63, 21, 'A', '276', 1, 0),
(487, 11, 68, 21, 'C', '303', 1, 0),
(488, 11, 67, 21, 'A', '296', 0, 0),
(489, 11, 62, 21, 'E', '275', 1, 0),
(490, 11, 64, 21, 'B', '282', 1, 0),
(491, 11, 66, 21, 'D', '294', 0, 0),
(492, 11, 54, 21, 'D', '234', 1, 0),
(493, 11, 55, 21, 'A', '236', 1, 0),
(494, 11, 37, 21, 'A', '146', 0, 0),
(495, 11, 27, 21, 'B', '97', 0, 0),
(496, 11, 42, 21, 'E', '175', 1, 0),
(497, 11, 40, 21, 'D', '164', 1, 0),
(498, 11, 36, 21, 'C', '143', 1, 0),
(499, 11, 46, 21, 'B', '192', 0, 0),
(500, 11, 31, 21, 'E', '120', 1, 0),
(501, 11, 48, 21, 'C', '203', 1, 0),
(502, 11, 29, 21, 'E', '110', 0, 0),
(503, 11, 28, 21, 'B', '102', 1, 0),
(504, 11, 73, 16, 'B', '327', 0, 0),
(505, 11, 71, 16, 'C', '318', 0, 0),
(506, 11, 63, 16, 'A', '276', 1, 0),
(507, 11, 52, 16, 'B', '222', 0, 0),
(508, 11, 59, 16, 'E', '260', 1, 0),
(509, 11, 50, 16, 'B', '212', 1, 0),
(510, 11, 54, 16, 'D', '234', 1, 0),
(511, 11, 57, 16, 'B', '247', 0, 0),
(512, 11, 61, 16, 'C', '268', 0, 0),
(513, 11, 58, 16, 'E', '255', 0, 0),
(514, 11, 47, 16, 'B', '197', 0, 0),
(515, 11, 33, 16, 'C', '128', 0, 0),
(516, 11, 42, 16, 'E', '175', 1, 0),
(517, 11, 49, 16, 'C', '208', 1, 0),
(518, 11, 26, 16, 'A', '91', 0, 0),
(519, 11, 40, 16, 'D', '164', 1, 0),
(520, 11, 37, 16, 'A', '146', 0, 0),
(521, 11, 29, 16, 'E', '110', 0, 0),
(522, 11, 44, 16, 'D', '184', 1, 0),
(523, 11, 35, 16, 'D', '139', 0, 0),
(524, 11, 62, 30, 'E', '275', 1, 0),
(525, 11, 53, 30, 'D', '229', 1, 0),
(526, 11, 52, 30, 'A', '221', 1, 0),
(527, 11, 70, 30, 'E', '315', 1, 0),
(528, 11, 51, 30, 'A', '216', 0, 0),
(529, 11, 58, 30, 'B', '252', 1, 0),
(530, 11, 69, 30, 'B', '307', 1, 0),
(531, 11, 74, 30, 'B', '332', 0, 0),
(532, 11, 64, 30, 'D', '284', 0, 0),
(533, 11, 67, 30, 'D', '299', 1, 0),
(534, 11, 40, 30, 'D', '164', 1, 0),
(535, 11, 44, 30, 'E', '185', 0, 0),
(536, 11, 45, 30, 'A', '186', 0, 0),
(537, 11, 43, 30, 'A', '176', 1, 0),
(538, 11, 49, 30, 'C', '208', 1, 0),
(539, 11, 31, 30, 'E', '120', 1, 0),
(540, 11, 25, 30, 'E', '90', 1, 0),
(541, 11, 42, 30, 'E', '175', 1, 0),
(542, 11, 34, 30, 'C', '133', 0, 0),
(543, 11, 32, 30, 'A', '121', 0, 0),
(544, 11, 72, 15, 'A', '321', 1, 0),
(545, 11, 73, 15, 'A', '326', 1, 0),
(546, 11, 63, 15, 'A', '276', 1, 0),
(547, 11, 68, 15, 'E', '305', 0, 0),
(548, 11, 60, 15, 'C', '263', 0, 0),
(549, 11, 67, 15, 'D', '299', 1, 0),
(550, 11, 69, 15, 'B', '307', 1, 0),
(551, 11, 66, 15, 'D', '294', 0, 0),
(552, 11, 53, 15, 'B', '227', 0, 0),
(553, 11, 74, 15, 'D', '334', 1, 0),
(554, 11, 41, 15, 'E', '170', 0, 0),
(555, 11, 45, 15, 'A', '186', 0, 0),
(556, 11, 25, 15, 'E', '90', 1, 0),
(557, 11, 26, 15, 'B', '92', 0, 0),
(558, 11, 49, 15, 'C', '208', 1, 0),
(559, 11, 43, 15, 'C', '178', 0, 0),
(560, 11, 29, 15, 'A', '106', 1, 0),
(561, 11, 27, 15, 'B', '97', 0, 0),
(562, 11, 35, 15, 'B', '137', 1, 0),
(563, 11, 40, 15, 'D', '164', 1, 0),
(564, 11, 64, 41, 'E', '285', 0, 0),
(565, 11, 52, 41, 'B', '222', 0, 0),
(566, 11, 55, 41, 'A', '236', 1, 0),
(567, 11, 57, 41, 'D', '249', 0, 0),
(568, 11, 58, 41, 'B', '252', 1, 0),
(569, 11, 73, 41, 'A', '326', 1, 0),
(570, 11, 71, 41, 'E', '320', 1, 0),
(571, 11, 70, 41, 'B', '312', 0, 0),
(572, 11, 54, 41, 'D', '234', 1, 0),
(573, 11, 50, 41, 'B', '212', 1, 0),
(574, 11, 27, 41, 'C', '98', 1, 0),
(575, 11, 34, 41, 'D', '134', 1, 0),
(576, 11, 36, 41, 'C', '143', 1, 0),
(577, 11, 39, 41, 'A', '156', 1, 0),
(578, 11, 42, 41, 'E', '175', 1, 0),
(579, 11, 32, 41, 'A', '121', 0, 0),
(580, 11, 48, 41, 'C', '203', 1, 0),
(581, 11, 43, 41, 'A', '176', 1, 0),
(582, 11, 35, 41, 'D', '139', 0, 0),
(583, 11, 38, 41, 'A', '151', 1, 0),
(584, 11, 67, 26, 'D', '299', 1, 0),
(585, 11, 53, 26, 'A', '226', 0, 0),
(586, 11, 54, 26, 'D', '234', 1, 0),
(587, 11, 61, 26, 'E', '270', 1, 0),
(588, 11, 55, 26, 'D', '239', 0, 0),
(589, 11, 64, 26, 'E', '285', 0, 0),
(590, 11, 63, 26, 'C', '278', 0, 0),
(591, 11, 65, 26, 'B', '287', 0, 0),
(592, 11, 69, 26, 'B', '307', 1, 0),
(593, 11, 60, 26, 'A', '261', 1, 0),
(594, 11, 40, 26, 'D', '164', 1, 0),
(595, 11, 39, 26, 'A', '156', 1, 0),
(596, 11, 34, 26, 'C', '133', 0, 0),
(597, 11, 25, 26, '', '', 0, 0),
(598, 11, 38, 26, 'A', '151', 1, 0),
(599, 11, 30, 26, 'E', '115', 0, 0),
(600, 11, 29, 26, 'E', '110', 0, 0),
(601, 11, 42, 26, 'E', '175', 1, 0),
(602, 11, 35, 26, 'B', '137', 1, 0),
(603, 11, 28, 26, 'B', '102', 1, 0),
(604, 11, 71, 42, 'C', '318', 0, 0),
(605, 11, 73, 42, 'A', '326', 1, 0),
(606, 11, 57, 42, 'E', '250', 0, 0),
(607, 11, 68, 42, 'E', '305', 0, 0),
(608, 11, 63, 42, 'A', '276', 1, 0),
(609, 11, 65, 42, 'D', '289', 1, 0),
(610, 11, 72, 42, 'A', '321', 1, 0),
(611, 11, 66, 42, 'D', '294', 0, 0),
(612, 11, 69, 42, 'B', '307', 1, 0),
(613, 11, 51, 42, 'A', '216', 0, 0),
(614, 11, 40, 42, 'D', '164', 1, 0),
(615, 11, 25, 42, 'D', '89', 0, 0),
(616, 11, 41, 42, 'A', '166', 0, 0),
(617, 11, 43, 42, 'E', '180', 0, 0),
(618, 11, 44, 42, 'D', '184', 1, 0),
(619, 11, 38, 42, 'A', '151', 1, 0),
(620, 11, 37, 42, 'C', '148', 0, 0),
(621, 11, 27, 42, 'E', '100', 0, 0),
(622, 11, 45, 42, 'C', '188', 0, 0),
(623, 11, 32, 42, 'A', '121', 0, 0),
(624, 11, 54, 44, 'D', '234', 1, 0),
(625, 11, 72, 44, 'D', '324', 0, 0),
(626, 11, 68, 44, 'C', '303', 1, 0),
(627, 11, 65, 44, 'A', '286', 0, 0),
(628, 11, 57, 44, 'A', '246', 1, 0),
(629, 11, 67, 44, 'A', '296', 0, 0),
(630, 11, 58, 44, 'B', '252', 1, 0),
(631, 11, 69, 44, 'B', '307', 1, 0),
(632, 11, 56, 44, 'E', '245', 1, 0),
(633, 11, 66, 44, 'C', '293', 1, 0),
(634, 11, 47, 44, 'B', '197', 0, 0),
(635, 11, 43, 44, 'C', '178', 0, 0),
(636, 11, 35, 44, 'B', '137', 1, 0),
(637, 11, 48, 44, 'C', '203', 1, 0),
(638, 11, 39, 44, 'C', '158', 0, 0),
(639, 11, 31, 44, 'C', '118', 0, 0),
(640, 11, 32, 44, 'B', '122', 1, 0),
(641, 11, 28, 44, 'B', '102', 1, 0),
(642, 11, 30, 44, 'E', '115', 0, 0),
(643, 11, 42, 44, 'E', '175', 1, 0),
(644, 11, 67, 45, 'C', '298', 0, 0),
(645, 11, 64, 45, 'B', '282', 1, 0),
(646, 11, 57, 45, 'A', '246', 1, 0),
(647, 11, 52, 45, 'B', '222', 0, 0),
(648, 11, 68, 45, 'E', '305', 0, 0),
(649, 11, 53, 45, 'B', '227', 0, 0),
(650, 11, 60, 45, 'C', '263', 0, 0),
(651, 11, 69, 45, 'A', '306', 0, 0),
(652, 11, 70, 45, 'B', '312', 0, 0),
(653, 11, 50, 45, 'E', '215', 0, 0),
(654, 11, 32, 45, 'A', '121', 0, 0),
(655, 11, 25, 45, 'C', '88', 0, 0),
(656, 11, 41, 45, 'A', '166', 0, 0),
(657, 11, 46, 45, 'D', '194', 0, 0),
(658, 11, 33, 45, 'D', '129', 0, 0),
(659, 11, 30, 45, 'A', '111', 0, 0),
(660, 11, 26, 45, 'C', '93', 1, 0),
(661, 11, 45, 45, 'C', '188', 0, 0),
(662, 11, 47, 45, 'B', '197', 0, 0),
(663, 11, 29, 45, 'D', '109', 0, 0),
(664, 11, 62, 46, 'A', '271', 0, 0),
(665, 11, 57, 46, 'B', '247', 0, 0),
(666, 11, 61, 46, 'C', '268', 0, 0),
(667, 11, 65, 46, 'D', '289', 1, 0),
(668, 11, 73, 46, 'B', '327', 0, 0),
(669, 11, 58, 46, 'B', '252', 1, 0),
(670, 11, 55, 46, 'A', '236', 1, 0),
(671, 11, 53, 46, 'C', '228', 0, 0),
(672, 11, 74, 46, 'A', '331', 0, 0),
(673, 11, 56, 46, 'A', '241', 0, 0),
(674, 11, 36, 46, 'C', '143', 1, 0),
(675, 11, 41, 46, 'B', '167', 1, 0),
(676, 11, 40, 46, 'A', '161', 0, 0),
(677, 11, 25, 46, 'E', '90', 1, 0),
(678, 11, 48, 46, 'B', '202', 0, 0),
(679, 11, 27, 46, 'C', '98', 1, 0),
(680, 11, 34, 46, 'C', '133', 0, 0),
(681, 11, 46, 46, 'C', '193', 0, 0),
(682, 11, 35, 46, 'B', '137', 1, 0),
(683, 11, 44, 46, 'B', '182', 0, 0),
(684, 11, 74, 47, 'D', '334', 1, 0),
(685, 11, 55, 47, 'C', '238', 0, 0),
(686, 11, 51, 47, 'D', '219', 0, 0),
(687, 11, 62, 47, 'A', '271', 0, 0),
(688, 11, 67, 47, 'A', '296', 0, 0),
(689, 11, 71, 47, 'C', '318', 0, 0),
(690, 11, 64, 47, 'B', '282', 1, 0),
(691, 11, 66, 47, 'C', '293', 1, 0),
(692, 11, 58, 47, 'E', '255', 0, 0),
(693, 11, 59, 47, 'E', '260', 1, 0),
(694, 11, 43, 47, 'C', '178', 0, 0),
(695, 11, 33, 47, 'C', '128', 0, 0),
(696, 11, 34, 47, 'E', '135', 0, 0),
(697, 11, 37, 47, 'C', '148', 0, 0),
(698, 11, 41, 47, 'C', '168', 0, 0),
(699, 11, 48, 47, 'C', '203', 1, 0),
(700, 11, 29, 47, 'E', '110', 0, 0),
(701, 11, 30, 47, 'A', '111', 0, 0),
(702, 11, 49, 47, 'D', '209', 0, 0),
(703, 11, 42, 47, 'E', '175', 1, 0),
(704, 11, 67, 48, 'D', '299', 1, 0),
(705, 11, 53, 48, 'B', '227', 0, 0),
(706, 11, 58, 48, 'B', '252', 1, 0),
(707, 11, 71, 48, 'A', '316', 0, 0),
(708, 11, 50, 48, 'B', '212', 1, 0),
(709, 11, 68, 48, 'B', '302', 0, 0),
(710, 11, 70, 48, 'E', '315', 1, 0),
(711, 11, 56, 48, 'E', '245', 1, 0),
(712, 11, 72, 48, 'A', '321', 1, 0),
(713, 11, 51, 48, 'E', '220', 0, 0),
(714, 11, 43, 48, 'B', '177', 0, 0),
(715, 11, 46, 48, 'D', '194', 0, 0),
(716, 11, 25, 48, 'E', '90', 1, 0),
(717, 11, 28, 48, 'B', '102', 1, 0),
(718, 11, 48, 48, 'C', '203', 1, 0),
(719, 11, 37, 48, 'A', '146', 0, 0),
(720, 11, 41, 48, 'C', '168', 0, 0),
(721, 11, 29, 48, 'D', '109', 0, 0),
(722, 11, 38, 48, 'A', '151', 1, 0),
(723, 11, 44, 48, 'D', '184', 1, 0),
(724, 11, 51, 49, 'C', '218', 0, 0),
(725, 11, 69, 49, 'B', '307', 1, 0),
(726, 11, 64, 49, 'E', '285', 0, 0),
(727, 11, 59, 49, 'E', '260', 1, 0),
(728, 11, 71, 49, 'C', '318', 0, 0),
(729, 11, 66, 49, 'D', '294', 0, 0),
(730, 11, 60, 49, 'C', '263', 0, 0),
(731, 11, 67, 49, 'D', '299', 1, 0),
(732, 11, 53, 49, 'C', '228', 0, 0),
(733, 11, 56, 49, 'E', '245', 1, 0),
(734, 11, 40, 49, 'D', '164', 1, 0),
(735, 11, 46, 49, 'A', '191', 1, 0),
(736, 11, 45, 49, 'A', '186', 0, 0),
(737, 11, 43, 49, 'A', '176', 1, 0),
(738, 11, 39, 49, 'A', '156', 1, 0),
(739, 11, 47, 49, 'B', '197', 0, 0),
(740, 11, 27, 49, 'B', '97', 0, 0),
(741, 11, 37, 49, 'B', '147', 0, 0),
(742, 11, 31, 49, 'E', '120', 1, 0),
(743, 11, 42, 49, 'E', '175', 1, 0),
(744, 12, 43, 57, 'A', '176', 1, 0),
(745, 12, 27, 57, 'B', '97', 0, 0),
(746, 12, 39, 57, 'A', '156', 1, 0),
(747, 12, 49, 57, 'E', '210', 0, 0),
(748, 12, 35, 57, 'C', '138', 0, 0),
(749, 12, 25, 57, 'E', '90', 1, 0),
(750, 12, 38, 57, 'C', '153', 0, 0),
(751, 12, 44, 57, 'C', '183', 0, 0),
(752, 12, 46, 57, 'D', '194', 0, 0),
(753, 12, 37, 57, 'B', '147', 0, 0),
(754, 12, 52, 57, 'B', '222', 0, 0),
(755, 12, 54, 57, 'D', '234', 1, 0),
(756, 12, 72, 57, 'A', '321', 1, 0),
(757, 12, 50, 57, 'B', '212', 1, 0),
(758, 12, 71, 57, 'B', '317', 0, 0),
(759, 12, 69, 57, 'B', '307', 1, 0),
(760, 12, 59, 57, 'E', '260', 1, 0),
(761, 12, 51, 57, 'A', '216', 0, 0),
(762, 12, 65, 57, 'C', '288', 0, 0),
(763, 12, 66, 57, 'C', '293', 1, 0),
(764, 12, 39, 54, 'A', '156', 1, 0),
(765, 12, 45, 54, 'A', '186', 0, 0),
(766, 12, 36, 54, 'C', '143', 1, 0),
(767, 12, 46, 54, 'D', '194', 0, 0),
(768, 12, 38, 54, 'A', '151', 1, 0),
(769, 12, 48, 54, 'A', '201', 0, 0),
(770, 12, 37, 54, 'B', '147', 0, 0),
(771, 12, 32, 54, 'D', '124', 0, 0),
(772, 12, 26, 54, 'D', '94', 0, 0),
(773, 12, 47, 54, 'B', '197', 0, 0),
(774, 12, 52, 54, 'A', '221', 1, 0),
(775, 12, 53, 54, 'E', '230', 0, 0),
(776, 12, 58, 54, 'B', '252', 1, 0),
(777, 12, 62, 54, 'E', '275', 1, 0),
(778, 12, 61, 54, 'C', '268', 0, 0),
(779, 12, 50, 54, 'B', '212', 1, 0),
(780, 12, 60, 54, 'A', '261', 1, 0),
(781, 12, 63, 54, 'A', '276', 1, 0),
(782, 12, 66, 54, 'C', '293', 1, 0),
(783, 12, 67, 54, 'A', '296', 0, 0),
(784, 12, 48, 55, 'A', '201', 0, 0),
(785, 12, 36, 55, 'C', '143', 1, 0),
(786, 12, 41, 55, 'B', '167', 1, 0),
(787, 12, 49, 55, 'E', '210', 0, 0),
(788, 12, 29, 55, 'A', '106', 1, 0),
(789, 12, 45, 55, 'A', '186', 0, 0),
(790, 12, 39, 55, 'A', '156', 1, 0),
(791, 12, 38, 55, 'A', '151', 1, 0),
(792, 12, 27, 55, 'B', '97', 0, 0),
(793, 12, 43, 55, 'A', '176', 1, 0),
(794, 12, 72, 55, 'A', '321', 1, 0),
(795, 12, 64, 55, 'B', '282', 1, 0),
(796, 12, 71, 55, 'E', '320', 1, 0),
(797, 12, 51, 55, 'B', '217', 1, 0),
(798, 12, 68, 55, 'C', '303', 1, 0),
(799, 12, 65, 55, 'E', '290', 0, 0),
(800, 12, 69, 55, 'B', '307', 1, 0),
(801, 12, 73, 55, 'B', '327', 0, 0),
(802, 12, 50, 55, 'B', '212', 1, 0),
(803, 12, 67, 55, 'A', '296', 0, 0),
(804, 12, 43, 58, 'A', '176', 1, 0),
(805, 12, 47, 58, 'B', '197', 0, 0),
(806, 12, 30, 58, 'C', '113', 1, 0),
(807, 12, 37, 58, 'B', '147', 0, 0),
(808, 12, 49, 58, 'C', '208', 1, 0),
(809, 12, 40, 58, 'D', '164', 1, 0),
(810, 12, 42, 58, 'E', '175', 1, 0),
(811, 12, 32, 58, 'B', '122', 1, 0),
(812, 12, 48, 58, 'C', '203', 1, 0),
(813, 12, 35, 58, 'D', '139', 0, 0),
(814, 12, 53, 58, 'D', '229', 1, 0),
(815, 12, 71, 58, 'E', '320', 1, 0),
(816, 12, 68, 58, 'C', '303', 1, 0),
(817, 12, 50, 58, 'B', '212', 1, 0),
(818, 12, 60, 58, 'A', '261', 1, 0),
(819, 12, 55, 58, 'A', '236', 1, 0),
(820, 12, 73, 58, 'A', '326', 1, 0),
(821, 12, 56, 58, 'E', '245', 1, 0),
(822, 12, 62, 58, 'E', '275', 1, 0),
(823, 12, 61, 58, 'C', '268', 0, 0),
(824, 12, 30, 64, 'C', '113', 1, 0),
(825, 12, 36, 64, 'C', '143', 1, 0),
(826, 12, 28, 64, 'B', '102', 1, 0),
(827, 12, 25, 64, 'E', '90', 1, 0),
(828, 12, 29, 64, 'A', '106', 1, 0),
(829, 12, 31, 64, 'E', '120', 1, 0),
(830, 12, 48, 64, 'C', '203', 1, 0),
(831, 12, 27, 64, 'B', '97', 0, 0),
(832, 12, 35, 64, 'D', '139', 0, 0),
(833, 12, 39, 64, 'A', '156', 1, 0),
(834, 12, 68, 64, 'C', '303', 1, 0),
(835, 12, 57, 64, 'E', '250', 0, 0),
(836, 12, 72, 64, 'A', '321', 1, 0),
(837, 12, 64, 64, 'B', '282', 1, 0),
(838, 12, 69, 64, 'B', '307', 1, 0),
(839, 12, 62, 64, 'E', '275', 1, 0),
(840, 12, 52, 64, 'A', '221', 1, 0),
(841, 12, 67, 64, 'D', '299', 1, 0),
(842, 12, 73, 64, 'A', '326', 1, 0),
(843, 12, 74, 64, 'D', '334', 1, 0),
(844, 12, 44, 67, 'D', '184', 1, 0),
(845, 12, 47, 67, 'B', '197', 0, 0),
(846, 12, 25, 67, 'E', '90', 1, 0),
(847, 12, 45, 67, 'A', '186', 0, 0),
(848, 12, 34, 67, 'C', '133', 0, 0),
(849, 12, 37, 67, 'B', '147', 0, 0),
(850, 12, 41, 67, 'A', '166', 0, 0),
(851, 12, 29, 67, 'A', '106', 1, 0),
(852, 12, 33, 67, 'A', '126', 1, 0),
(853, 12, 39, 67, 'A', '156', 1, 0),
(854, 12, 59, 67, 'E', '260', 1, 0),
(855, 12, 64, 67, 'B', '282', 1, 0),
(856, 12, 58, 67, 'E', '255', 0, 0),
(857, 12, 53, 67, 'D', '229', 1, 0),
(858, 12, 63, 67, 'C', '278', 0, 0),
(859, 12, 54, 67, 'D', '234', 1, 0),
(860, 12, 51, 67, 'B', '217', 1, 0),
(861, 12, 67, 67, 'D', '299', 1, 0),
(862, 12, 66, 67, 'C', '293', 1, 0),
(863, 12, 57, 67, 'A', '246', 1, 0),
(864, 12, 40, 65, 'D', '164', 1, 0),
(865, 12, 26, 65, 'C', '93', 1, 0),
(866, 12, 32, 65, 'B', '122', 1, 0),
(867, 12, 34, 65, 'E', '135', 0, 0),
(868, 12, 44, 65, 'D', '184', 1, 0),
(869, 12, 28, 65, 'B', '102', 1, 0),
(870, 12, 37, 65, 'B', '147', 0, 0),
(871, 12, 38, 65, 'A', '151', 1, 0),
(872, 12, 30, 65, 'C', '113', 1, 0),
(873, 12, 46, 65, 'D', '194', 0, 0),
(874, 12, 69, 65, 'B', '307', 1, 0),
(875, 12, 54, 65, 'D', '234', 1, 0),
(876, 12, 57, 65, 'A', '246', 1, 0),
(877, 12, 56, 65, 'E', '245', 1, 0),
(878, 12, 66, 65, 'C', '293', 1, 0),
(879, 12, 68, 65, 'C', '303', 1, 0),
(880, 12, 58, 65, 'B', '252', 1, 0),
(881, 12, 62, 65, 'E', '275', 1, 0),
(882, 12, 53, 65, 'A', '226', 0, 0),
(883, 12, 61, 65, 'C', '268', 0, 0),
(884, 12, 31, 53, 'C', '118', 0, 0),
(885, 12, 41, 53, 'B', '167', 1, 0),
(886, 12, 33, 53, 'A', '126', 1, 0),
(887, 12, 34, 53, 'D', '134', 1, 0),
(888, 12, 48, 53, 'D', '204', 0, 0),
(889, 12, 25, 53, 'E', '90', 1, 0),
(890, 12, 37, 53, 'D', '149', 1, 0),
(891, 12, 26, 53, 'B', '92', 0, 0),
(892, 12, 38, 53, 'A', '151', 1, 0),
(893, 12, 32, 53, 'C', '123', 0, 0),
(894, 12, 68, 53, 'C', '303', 1, 0),
(895, 12, 67, 53, 'D', '299', 1, 0),
(896, 12, 73, 53, 'A', '326', 1, 0),
(897, 12, 62, 53, 'E', '275', 1, 0),
(898, 12, 50, 53, 'B', '212', 1, 0),
(899, 12, 58, 53, 'E', '255', 0, 0),
(900, 12, 56, 53, 'E', '245', 1, 0),
(901, 12, 65, 53, 'C', '288', 0, 0),
(902, 12, 61, 53, 'C', '268', 0, 0),
(903, 12, 54, 53, 'D', '234', 1, 0),
(904, 12, 35, 68, 'B', '137', 1, 0),
(905, 12, 40, 68, 'D', '164', 1, 0),
(906, 12, 44, 68, 'D', '184', 1, 0),
(907, 12, 39, 68, 'A', '156', 1, 0),
(908, 12, 43, 68, 'A', '176', 1, 0),
(909, 12, 38, 68, 'A', '151', 1, 0),
(910, 12, 32, 68, 'B', '122', 1, 0),
(911, 12, 49, 68, 'C', '208', 1, 0),
(912, 12, 47, 68, 'B', '197', 0, 0),
(913, 12, 28, 68, 'B', '102', 1, 0),
(914, 12, 53, 68, 'D', '229', 1, 0),
(915, 12, 52, 68, 'E', '225', 0, 0),
(916, 12, 68, 68, 'C', '303', 1, 0),
(917, 12, 58, 68, 'B', '252', 1, 0),
(918, 12, 70, 68, 'E', '315', 1, 0),
(919, 12, 59, 68, 'A', '256', 0, 0),
(920, 12, 55, 68, 'A', '236', 1, 0),
(921, 12, 57, 68, 'A', '246', 1, 0),
(922, 12, 69, 68, 'B', '307', 1, 0),
(923, 12, 61, 68, 'C', '268', 0, 0),
(924, 12, 45, 62, 'A', '186', 0, 0),
(925, 12, 41, 62, 'B', '167', 1, 0),
(926, 12, 25, 62, 'E', '90', 1, 0),
(927, 12, 48, 62, 'C', '203', 1, 0),
(928, 12, 47, 62, 'B', '197', 0, 0),
(929, 12, 42, 62, 'E', '175', 1, 0),
(930, 12, 43, 62, 'A', '176', 1, 0),
(931, 12, 30, 62, 'C', '113', 1, 0),
(932, 12, 37, 62, 'D', '149', 1, 0),
(933, 12, 27, 62, 'B', '97', 0, 0),
(934, 12, 58, 62, 'E', '255', 0, 0),
(935, 12, 66, 62, 'C', '293', 1, 0),
(936, 12, 52, 62, 'E', '225', 0, 0),
(937, 12, 67, 62, 'D', '299', 1, 0),
(938, 12, 65, 62, 'E', '290', 0, 0),
(939, 12, 70, 62, 'E', '315', 1, 0),
(940, 12, 72, 62, 'A', '321', 1, 0),
(941, 12, 59, 62, 'E', '260', 1, 0),
(942, 12, 69, 62, 'B', '307', 1, 0),
(943, 12, 61, 62, 'C', '268', 0, 0),
(944, 12, 47, 63, 'B', '197', 0, 0),
(945, 12, 26, 63, 'C', '93', 1, 0),
(946, 12, 32, 63, 'D', '124', 0, 0),
(947, 12, 33, 63, 'A', '126', 1, 0),
(948, 12, 31, 63, 'E', '120', 1, 0),
(949, 12, 38, 63, 'A', '151', 1, 0),
(950, 12, 28, 63, 'B', '102', 1, 0),
(951, 12, 34, 63, 'C', '133', 0, 0),
(952, 12, 43, 63, 'A', '176', 1, 0),
(953, 12, 39, 63, 'A', '156', 1, 0),
(954, 12, 68, 63, 'E', '305', 0, 0),
(955, 12, 58, 63, 'B', '252', 1, 0),
(956, 12, 63, 63, 'A', '276', 1, 0),
(957, 12, 62, 63, 'E', '275', 1, 0),
(958, 12, 66, 63, 'C', '293', 1, 0),
(959, 12, 57, 63, 'B', '247', 0, 0),
(960, 12, 53, 63, 'D', '229', 1, 0),
(961, 12, 67, 63, 'D', '299', 1, 0),
(962, 12, 52, 63, 'A', '221', 1, 0),
(963, 12, 59, 63, 'E', '260', 1, 0),
(964, 12, 43, 69, 'C', '178', 0, 0),
(965, 12, 42, 69, 'B', '172', 0, 0),
(966, 12, 44, 69, 'D', '184', 1, 0),
(967, 12, 35, 69, 'B', '137', 1, 0),
(968, 12, 34, 69, 'E', '135', 0, 0),
(969, 12, 49, 69, 'D', '209', 0, 0),
(970, 12, 48, 69, 'A', '201', 0, 0),
(971, 12, 36, 69, 'C', '143', 1, 0),
(972, 12, 47, 69, 'D', '199', 0, 0),
(973, 12, 26, 69, 'B', '92', 0, 0),
(974, 12, 63, 69, 'A', '276', 1, 0),
(975, 12, 71, 69, 'E', '320', 1, 0),
(976, 12, 64, 69, 'D', '284', 0, 0),
(977, 12, 56, 69, 'E', '245', 1, 0),
(978, 12, 65, 69, 'B', '287', 0, 0),
(979, 12, 74, 69, 'D', '334', 1, 0),
(980, 12, 52, 69, 'D', '224', 0, 0),
(981, 12, 57, 69, 'A', '246', 1, 0),
(982, 12, 50, 69, 'B', '212', 1, 0),
(983, 12, 62, 69, 'E', '275', 1, 0),
(984, 12, 36, 60, 'C', '143', 1, 0),
(985, 12, 49, 60, 'C', '208', 1, 0),
(986, 12, 37, 60, 'D', '149', 1, 0),
(987, 12, 26, 60, 'C', '93', 1, 0),
(988, 12, 32, 60, 'B', '122', 1, 0),
(989, 12, 48, 60, 'C', '203', 1, 0),
(990, 12, 27, 60, 'B', '97', 0, 0),
(991, 12, 45, 60, 'A', '186', 0, 0),
(992, 12, 34, 60, 'D', '134', 1, 0),
(993, 12, 30, 60, 'C', '113', 1, 0),
(994, 12, 70, 60, 'E', '315', 1, 0),
(995, 12, 53, 60, 'D', '229', 1, 0),
(996, 12, 51, 60, 'B', '217', 1, 0),
(997, 12, 54, 60, 'D', '234', 1, 0),
(998, 12, 66, 60, 'C', '293', 1, 0),
(999, 12, 67, 60, 'D', '299', 1, 0),
(1000, 12, 74, 60, 'A', '331', 0, 0),
(1001, 12, 65, 60, 'E', '290', 0, 0),
(1002, 12, 64, 60, 'B', '282', 1, 0),
(1003, 12, 57, 60, 'A', '246', 1, 0),
(1004, 12, 49, 71, 'C', '208', 1, 0),
(1005, 12, 46, 71, 'D', '194', 0, 0),
(1006, 12, 32, 71, 'B', '122', 1, 0),
(1007, 12, 25, 71, 'E', '90', 1, 0),
(1008, 12, 40, 71, 'D', '164', 1, 0),
(1009, 12, 41, 71, 'B', '167', 1, 0),
(1010, 12, 39, 71, 'A', '156', 1, 0),
(1011, 12, 48, 71, 'C', '203', 1, 0),
(1012, 12, 34, 71, 'D', '134', 1, 0),
(1013, 12, 28, 71, 'B', '102', 1, 0),
(1014, 12, 56, 71, 'E', '245', 1, 0),
(1015, 12, 67, 71, 'D', '299', 1, 0),
(1016, 12, 57, 71, 'A', '246', 1, 0),
(1017, 12, 53, 71, 'D', '229', 1, 0),
(1018, 12, 71, 71, 'E', '320', 1, 0),
(1019, 12, 64, 71, 'B', '282', 1, 0),
(1020, 12, 74, 71, 'D', '334', 1, 0),
(1021, 12, 73, 71, 'A', '326', 1, 0),
(1022, 12, 70, 71, 'E', '315', 1, 0),
(1023, 12, 50, 71, 'B', '212', 1, 0),
(1024, 12, 28, 66, 'B', '102', 1, 0),
(1025, 12, 33, 66, 'A', '126', 1, 0),
(1026, 12, 44, 66, 'D', '184', 1, 0),
(1027, 12, 36, 66, 'C', '143', 1, 0),
(1028, 12, 26, 66, 'C', '93', 1, 0),
(1029, 12, 37, 66, 'A', '146', 0, 0),
(1030, 12, 35, 66, 'B', '137', 1, 0),
(1031, 12, 46, 66, 'D', '194', 0, 0),
(1032, 12, 31, 66, 'E', '120', 1, 0),
(1033, 12, 25, 66, 'E', '90', 1, 0),
(1034, 12, 62, 66, 'E', '275', 1, 0),
(1035, 12, 74, 66, 'D', '334', 1, 0),
(1036, 12, 61, 66, 'C', '268', 0, 0),
(1037, 12, 58, 66, 'E', '255', 0, 0),
(1038, 12, 54, 66, 'D', '234', 1, 0),
(1039, 12, 55, 66, 'A', '236', 1, 0),
(1040, 12, 60, 66, 'A', '261', 1, 0),
(1041, 12, 53, 66, 'D', '229', 1, 0),
(1042, 12, 50, 66, 'B', '212', 1, 0),
(1043, 12, 57, 66, 'A', '246', 1, 0),
(1044, 12, 42, 52, 'E', '175', 1, 0),
(1045, 12, 32, 52, 'B', '122', 1, 0),
(1046, 12, 35, 52, 'C', '138', 0, 0),
(1047, 12, 36, 52, 'C', '143', 1, 0),
(1048, 12, 38, 52, 'A', '151', 1, 0),
(1049, 12, 30, 52, 'C', '113', 1, 0),
(1050, 12, 26, 52, 'C', '93', 1, 0),
(1051, 12, 25, 52, 'E', '90', 1, 0),
(1052, 12, 46, 52, 'A', '191', 1, 0),
(1053, 12, 45, 52, 'C', '188', 0, 0),
(1054, 12, 68, 52, 'C', '303', 1, 0),
(1055, 12, 65, 52, 'D', '289', 1, 0),
(1056, 12, 61, 52, 'C', '268', 0, 0),
(1057, 12, 59, 52, 'B', '257', 0, 0),
(1058, 12, 71, 52, 'E', '320', 1, 0),
(1059, 12, 52, 52, 'A', '221', 1, 0),
(1060, 12, 53, 52, 'B', '227', 0, 0),
(1061, 12, 62, 52, 'C', '273', 0, 0),
(1062, 12, 64, 52, 'B', '282', 1, 0),
(1063, 12, 56, 52, 'E', '245', 1, 0),
(1064, 12, 27, 59, 'B', '97', 0, 0),
(1065, 12, 42, 59, 'E', '175', 1, 0),
(1066, 12, 46, 59, 'D', '194', 0, 0),
(1067, 12, 45, 59, 'D', '189', 0, 0),
(1068, 12, 43, 59, 'C', '178', 0, 0),
(1069, 12, 47, 59, 'B', '197', 0, 0),
(1070, 12, 30, 59, 'C', '113', 1, 0),
(1071, 12, 49, 59, 'A', '206', 0, 0),
(1072, 12, 34, 59, 'A', '131', 0, 0),
(1073, 12, 38, 59, 'A', '151', 1, 0),
(1074, 12, 56, 59, 'E', '245', 1, 0),
(1075, 12, 54, 59, 'D', '234', 1, 0),
(1076, 12, 68, 59, 'C', '303', 1, 0),
(1077, 12, 63, 59, 'A', '276', 1, 0),
(1078, 12, 72, 59, 'A', '321', 1, 0),
(1079, 12, 74, 59, 'D', '334', 1, 0),
(1080, 12, 59, 59, 'D', '259', 0, 0),
(1081, 12, 69, 59, 'B', '307', 1, 0),
(1082, 12, 55, 59, 'A', '236', 1, 0),
(1083, 12, 65, 59, 'C', '288', 0, 0),
(1084, 12, 30, 70, 'C', '113', 1, 0),
(1085, 12, 36, 70, 'C', '143', 1, 0),
(1086, 12, 48, 70, 'C', '203', 1, 0),
(1087, 12, 27, 70, 'B', '97', 0, 0),
(1088, 12, 41, 70, 'B', '167', 1, 0),
(1089, 12, 45, 70, 'B', '187', 1, 0),
(1090, 12, 46, 70, 'D', '194', 0, 0),
(1091, 12, 25, 70, 'E', '90', 1, 0),
(1092, 12, 43, 70, 'A', '176', 1, 0),
(1093, 12, 39, 70, 'A', '156', 1, 0),
(1094, 12, 54, 70, 'D', '234', 1, 0),
(1095, 12, 64, 70, 'D', '284', 0, 0),
(1096, 12, 51, 70, 'B', '217', 1, 0),
(1097, 12, 57, 70, 'A', '246', 1, 0),
(1098, 12, 62, 70, 'E', '275', 1, 0),
(1099, 12, 67, 70, 'D', '299', 1, 0),
(1100, 12, 61, 70, 'C', '268', 0, 0),
(1101, 12, 68, 70, 'C', '303', 1, 0),
(1102, 12, 73, 70, 'A', '326', 1, 0),
(1103, 12, 65, 70, 'D', '289', 1, 0),
(1104, 12, 29, 74, 'A', '106', 1, 0),
(1105, 12, 48, 74, 'A', '201', 0, 0),
(1106, 12, 40, 74, 'D', '164', 1, 0),
(1107, 12, 34, 74, 'A', '131', 0, 0),
(1108, 12, 45, 74, 'B', '187', 1, 0),
(1109, 12, 46, 74, 'D', '194', 0, 0),
(1110, 12, 31, 74, 'A', '116', 0, 0),
(1111, 12, 36, 74, 'C', '143', 1, 0),
(1112, 12, 30, 74, 'C', '113', 1, 0),
(1113, 12, 27, 74, 'B', '97', 0, 0),
(1114, 12, 56, 74, 'E', '245', 1, 0),
(1115, 12, 52, 74, 'A', '221', 1, 0),
(1116, 12, 53, 74, 'B', '227', 0, 0),
(1117, 12, 74, 74, 'D', '334', 1, 0),
(1118, 12, 61, 74, 'C', '268', 0, 0),
(1119, 12, 72, 74, 'A', '321', 1, 0),
(1120, 12, 66, 74, 'C', '293', 1, 0),
(1121, 12, 64, 74, 'B', '282', 1, 0),
(1122, 12, 62, 74, 'E', '275', 1, 0),
(1123, 12, 59, 74, 'D', '259', 0, 0),
(1124, 12, 35, 78, 'B', '137', 1, 0),
(1125, 12, 29, 78, 'A', '106', 1, 0),
(1126, 12, 25, 78, 'E', '90', 1, 0),
(1127, 12, 40, 78, 'D', '164', 1, 0),
(1128, 12, 44, 78, 'D', '184', 1, 0),
(1129, 12, 48, 78, 'C', '203', 1, 0),
(1130, 12, 39, 78, 'A', '156', 1, 0),
(1131, 12, 46, 78, 'D', '194', 0, 0),
(1132, 12, 36, 78, 'C', '143', 1, 0),
(1133, 12, 26, 78, 'C', '93', 1, 0),
(1134, 12, 72, 78, 'A', '321', 1, 0),
(1135, 12, 67, 78, 'D', '299', 1, 0),
(1136, 12, 61, 78, 'C', '268', 0, 0),
(1137, 12, 59, 78, 'E', '260', 1, 0),
(1138, 12, 62, 78, 'E', '275', 1, 0),
(1139, 12, 70, 78, 'E', '315', 1, 0),
(1140, 12, 68, 78, 'C', '303', 1, 0),
(1141, 12, 50, 78, 'B', '212', 1, 0),
(1142, 12, 60, 78, 'A', '261', 1, 0),
(1143, 12, 64, 78, 'B', '282', 1, 0),
(1144, 12, 28, 76, 'C', '103', 0, 0),
(1145, 12, 34, 76, 'E', '135', 0, 0),
(1146, 12, 33, 76, 'C', '128', 0, 0),
(1147, 12, 37, 76, 'A', '146', 0, 0),
(1148, 12, 35, 76, 'B', '137', 1, 0),
(1149, 12, 47, 76, 'B', '197', 0, 0),
(1150, 12, 48, 76, 'C', '203', 1, 0),
(1151, 12, 36, 76, 'C', '143', 1, 0),
(1152, 12, 29, 76, 'A', '106', 1, 0),
(1153, 12, 31, 76, 'E', '120', 1, 0),
(1154, 12, 61, 76, 'C', '268', 0, 0),
(1155, 12, 60, 76, 'A', '261', 1, 0),
(1156, 12, 62, 76, 'E', '275', 1, 0),
(1157, 12, 63, 76, 'A', '276', 1, 0),
(1158, 12, 68, 76, 'C', '303', 1, 0),
(1159, 12, 58, 76, 'D', '254', 0, 0),
(1160, 12, 55, 76, 'A', '236', 1, 0),
(1161, 12, 72, 76, 'A', '321', 1, 0),
(1162, 12, 67, 76, 'D', '299', 1, 0),
(1163, 12, 57, 76, 'A', '246', 1, 0),
(1164, 12, 29, 77, 'A', '106', 1, 0),
(1165, 12, 26, 77, 'C', '93', 1, 0),
(1166, 12, 33, 77, 'A', '126', 1, 0),
(1167, 12, 31, 77, 'E', '120', 1, 0),
(1168, 12, 38, 77, 'A', '151', 1, 0),
(1169, 12, 46, 77, 'A', '191', 1, 0),
(1170, 12, 36, 77, 'C', '143', 1, 0),
(1171, 12, 34, 77, 'D', '134', 1, 0),
(1172, 12, 48, 77, 'A', '201', 0, 0),
(1173, 12, 44, 77, 'D', '184', 1, 0),
(1174, 12, 51, 77, 'B', '217', 1, 0),
(1175, 12, 58, 77, 'B', '252', 1, 0),
(1176, 12, 55, 77, 'A', '236', 1, 0),
(1177, 12, 72, 77, 'A', '321', 1, 0),
(1178, 12, 70, 77, 'E', '315', 1, 0),
(1179, 12, 63, 77, 'A', '276', 1, 0),
(1180, 12, 69, 77, 'B', '307', 1, 0),
(1181, 12, 71, 77, 'E', '320', 1, 0),
(1182, 12, 59, 77, 'E', '260', 1, 0),
(1183, 12, 61, 77, 'C', '268', 0, 0),
(1184, 12, 41, 79, 'B', '167', 1, 0),
(1185, 12, 39, 79, 'C', '158', 0, 0),
(1186, 12, 36, 79, 'C', '143', 1, 0),
(1187, 12, 28, 79, 'B', '102', 1, 0),
(1188, 12, 34, 79, 'D', '134', 1, 0),
(1189, 12, 30, 79, 'C', '113', 1, 0),
(1190, 12, 43, 79, 'A', '176', 1, 0),
(1191, 12, 44, 79, 'D', '184', 1, 0),
(1192, 12, 42, 79, 'E', '175', 1, 0),
(1193, 12, 35, 79, 'D', '139', 0, 0),
(1194, 12, 67, 79, 'D', '299', 1, 0),
(1195, 12, 54, 79, 'D', '234', 1, 0),
(1196, 12, 56, 79, 'E', '245', 1, 0),
(1197, 12, 73, 79, 'A', '326', 1, 0),
(1198, 12, 69, 79, 'B', '307', 1, 0),
(1199, 12, 70, 79, 'E', '315', 1, 0),
(1200, 12, 60, 79, 'E', '265', 0, 0),
(1201, 12, 52, 79, 'D', '224', 0, 0),
(1202, 12, 53, 79, 'D', '229', 1, 0),
(1203, 12, 63, 79, 'A', '276', 1, 0),
(1204, 12, 35, 82, 'D', '139', 0, 0),
(1205, 12, 36, 82, 'B', '142', 0, 0),
(1206, 12, 26, 82, 'C', '93', 1, 0),
(1207, 12, 37, 82, 'D', '149', 1, 0),
(1208, 12, 43, 82, 'A', '176', 1, 0),
(1209, 12, 47, 82, 'B', '197', 0, 0),
(1210, 12, 31, 82, 'A', '116', 0, 0),
(1211, 12, 39, 82, 'A', '156', 1, 0),
(1212, 12, 28, 82, 'B', '102', 1, 0),
(1213, 12, 30, 82, 'C', '113', 1, 0),
(1214, 12, 63, 82, 'A', '276', 1, 0),
(1215, 12, 58, 82, 'B', '252', 1, 0),
(1216, 12, 56, 82, 'E', '245', 1, 0),
(1217, 12, 70, 82, 'E', '315', 1, 0),
(1218, 12, 62, 82, 'E', '275', 1, 0),
(1219, 12, 52, 82, 'A', '221', 1, 0),
(1220, 12, 53, 82, 'B', '227', 0, 0),
(1221, 12, 72, 82, 'A', '321', 1, 0),
(1222, 12, 60, 82, 'A', '261', 1, 0),
(1223, 12, 65, 82, 'C', '288', 0, 0),
(1224, 12, 33, 81, 'A', '126', 1, 0),
(1225, 12, 42, 81, 'E', '175', 1, 0),
(1226, 12, 29, 81, 'A', '106', 1, 0),
(1227, 12, 30, 81, 'C', '113', 1, 0),
(1228, 12, 37, 81, 'B', '147', 0, 0),
(1229, 12, 36, 81, 'C', '143', 1, 0),
(1230, 12, 26, 81, 'C', '93', 1, 0),
(1231, 12, 35, 81, 'D', '139', 0, 0),
(1232, 12, 43, 81, 'A', '176', 1, 0),
(1233, 12, 39, 81, 'A', '156', 1, 0),
(1234, 12, 74, 81, 'D', '334', 1, 0),
(1235, 12, 53, 81, 'D', '229', 1, 0),
(1236, 12, 57, 81, 'D', '249', 0, 0),
(1237, 12, 69, 81, 'B', '307', 1, 0),
(1238, 12, 51, 81, 'A', '216', 0, 0),
(1239, 12, 67, 81, 'A', '296', 0, 0),
(1240, 12, 58, 81, 'B', '252', 1, 0),
(1241, 12, 59, 81, 'E', '260', 1, 0),
(1242, 12, 73, 81, 'B', '327', 0, 0),
(1243, 12, 62, 81, 'E', '275', 1, 0),
(1244, 12, 37, 83, 'B', '147', 0, 0),
(1245, 12, 33, 83, 'A', '126', 1, 0),
(1246, 12, 30, 83, 'C', '113', 1, 0),
(1247, 12, 44, 83, 'D', '184', 1, 0),
(1248, 12, 29, 83, 'A', '106', 1, 0),
(1249, 12, 46, 83, 'D', '194', 0, 0),
(1250, 12, 36, 83, 'C', '143', 1, 0),
(1251, 12, 40, 83, 'D', '164', 1, 0),
(1252, 12, 39, 83, 'A', '156', 1, 0),
(1253, 12, 49, 83, 'C', '208', 1, 0),
(1254, 12, 53, 83, 'D', '229', 1, 0),
(1255, 12, 67, 83, 'D', '299', 1, 0),
(1256, 12, 73, 83, 'A', '326', 1, 0),
(1257, 12, 60, 83, 'A', '261', 1, 0),
(1258, 12, 71, 83, 'E', '320', 1, 0),
(1259, 12, 57, 83, 'A', '246', 1, 0),
(1260, 12, 61, 83, 'C', '268', 0, 0),
(1261, 12, 54, 83, 'D', '234', 1, 0),
(1262, 12, 51, 83, 'D', '219', 0, 0),
(1263, 12, 56, 83, 'E', '245', 1, 0),
(1264, 12, 42, 84, 'E', '175', 1, 0),
(1265, 12, 25, 84, 'E', '90', 1, 0),
(1266, 12, 36, 84, 'C', '143', 1, 0),
(1267, 12, 27, 84, 'B', '97', 0, 0),
(1268, 12, 46, 84, 'D', '194', 0, 0),
(1269, 12, 40, 84, 'D', '164', 1, 0),
(1270, 12, 30, 84, 'C', '113', 1, 0),
(1271, 12, 48, 84, 'C', '203', 1, 0),
(1272, 12, 49, 84, 'C', '208', 1, 0),
(1273, 12, 35, 84, 'B', '137', 1, 0),
(1274, 12, 56, 84, 'E', '245', 1, 0),
(1275, 12, 72, 84, 'A', '321', 1, 0),
(1276, 12, 54, 84, 'D', '234', 1, 0),
(1277, 12, 60, 84, 'A', '261', 1, 0),
(1278, 12, 53, 84, 'B', '227', 0, 0),
(1279, 12, 65, 84, 'E', '290', 0, 0),
(1280, 12, 62, 84, 'E', '275', 1, 0),
(1281, 12, 52, 84, 'C', '223', 0, 0),
(1282, 12, 55, 84, 'A', '236', 1, 0),
(1283, 12, 73, 84, 'A', '326', 1, 0),
(1284, 12, 31, 85, 'A', '116', 0, 0),
(1285, 12, 46, 85, 'E', '195', 0, 0),
(1286, 12, 45, 85, 'C', '188', 0, 0),
(1287, 12, 42, 85, 'E', '175', 0, 0),
(1288, 12, 27, 85, 'E', '100', 0, 0),
(1289, 12, 25, 85, 'E', '90', 0, 0),
(1290, 12, 34, 85, '', '', 0, 0),
(1291, 12, 49, 85, '', '', 0, 0),
(1292, 12, 28, 85, 'C', '103', 0, 1),
(1293, 12, 36, 85, 'B', '142', 0, 0),
(1294, 12, 58, 85, '', '', 0, 0),
(1295, 12, 51, 85, '', '', 0, 0),
(1296, 12, 73, 85, '', '', 0, 0),
(1297, 12, 63, 85, '', '', 0, 0),
(1298, 12, 53, 85, 'E', '230', 0, 0),
(1299, 12, 61, 85, 'E', '270', 0, 1),
(1300, 12, 55, 85, 'A', '236', 0, 0),
(1301, 12, 56, 85, 'E', '245', 0, 0),
(1302, 12, 50, 85, 'A', '211', 0, 0),
(1303, 12, 54, 85, 'D', '234', 0, 0),
(1304, 12, 37, 88, 'D', '149', 1, 0),
(1305, 12, 31, 88, 'A', '116', 0, 0),
(1306, 12, 45, 88, 'C', '188', 0, 0),
(1307, 12, 42, 88, 'E', '175', 1, 0),
(1308, 12, 30, 88, 'C', '113', 1, 0),
(1309, 12, 43, 88, 'A', '176', 1, 0),
(1310, 12, 27, 88, 'B', '97', 0, 0),
(1311, 12, 40, 88, 'D', '164', 1, 0),
(1312, 12, 28, 88, 'B', '102', 1, 0),
(1313, 12, 38, 88, 'A', '151', 1, 0),
(1314, 12, 50, 88, 'B', '212', 1, 0),
(1315, 12, 70, 88, 'E', '315', 1, 0),
(1316, 12, 58, 88, 'B', '252', 1, 0),
(1317, 12, 53, 88, 'B', '227', 0, 0),
(1318, 12, 51, 88, 'B', '217', 1, 0),
(1319, 12, 59, 88, 'E', '260', 1, 0),
(1320, 12, 62, 88, 'E', '275', 1, 0),
(1321, 12, 56, 88, 'E', '245', 1, 0),
(1322, 12, 65, 88, 'C', '288', 0, 0),
(1323, 12, 60, 88, 'D', '264', 0, 0),
(1324, 12, 30, 91, 'C', '113', 1, 0),
(1325, 12, 35, 91, 'B', '137', 1, 0),
(1326, 12, 45, 91, 'E', '190', 0, 0),
(1327, 12, 42, 91, 'C', '173', 0, 0),
(1328, 12, 49, 91, 'D', '209', 0, 0),
(1329, 12, 28, 91, 'A', '101', 0, 0),
(1330, 12, 26, 91, 'B', '92', 0, 0),
(1331, 12, 31, 91, 'A', '116', 0, 0),
(1332, 12, 34, 91, 'E', '135', 0, 0),
(1333, 12, 43, 91, 'A', '176', 1, 0),
(1334, 12, 70, 91, 'E', '315', 1, 0),
(1335, 12, 65, 91, 'A', '286', 0, 0),
(1336, 12, 61, 91, 'B', '267', 0, 0),
(1337, 12, 59, 91, 'E', '260', 1, 0),
(1338, 12, 69, 91, 'B', '307', 1, 0),
(1339, 12, 51, 91, 'B', '217', 1, 0),
(1340, 12, 55, 91, 'C', '238', 0, 0),
(1341, 12, 68, 91, 'E', '305', 0, 0),
(1342, 12, 56, 91, 'A', '241', 0, 0),
(1343, 12, 63, 91, 'D', '279', 0, 0),
(1344, 12, 25, 92, 'D', '89', 0, 0),
(1345, 12, 27, 92, 'B', '97', 0, 0),
(1346, 12, 49, 92, 'C', '208', 1, 0),
(1347, 12, 36, 92, 'A', '141', 0, 0),
(1348, 12, 48, 92, 'A', '201', 0, 0),
(1349, 12, 46, 92, 'D', '194', 0, 0),
(1350, 12, 29, 92, 'A', '106', 1, 0),
(1351, 12, 26, 92, 'D', '94', 0, 0),
(1352, 12, 44, 92, 'D', '184', 1, 0),
(1353, 12, 39, 92, 'A', '156', 1, 0),
(1354, 12, 61, 92, 'A', '266', 0, 0),
(1355, 12, 60, 92, 'A', '261', 1, 0),
(1356, 12, 73, 92, 'C', '328', 0, 0),
(1357, 12, 71, 92, 'E', '320', 1, 0),
(1358, 12, 56, 92, 'D', '244', 0, 0),
(1359, 12, 68, 92, 'B', '302', 0, 0),
(1360, 12, 69, 92, 'B', '307', 1, 0),
(1361, 12, 64, 92, 'B', '282', 1, 0),
(1362, 12, 67, 92, 'D', '299', 1, 0),
(1363, 12, 54, 92, 'D', '234', 1, 0),
(1384, 15, 75, 94, '', '', 0, 0),
(1385, 15, 82, 94, '', '', 0, 0),
(1386, 15, 81, 94, '', '', 0, 0),
(1387, 15, 80, 94, '', '', 0, 0),
(1388, 15, 83, 94, '', '', 0, 0),
(1389, 15, 89, 94, '', '', 0, 0),
(1390, 15, 90, 94, '', '', 0, 0),
(1391, 15, 79, 94, '', '', 0, 0),
(1392, 15, 85, 94, '', '', 0, 0),
(1393, 15, 91, 94, '', '', 0, 0),
(1394, 15, 88, 94, '', '', 0, 0),
(1395, 15, 84, 94, '', '', 0, 0),
(1396, 15, 86, 94, '', '', 0, 0),
(1397, 15, 78, 94, '', '', 0, 0),
(1398, 15, 87, 94, '', '', 0, 0),
(1399, 15, 87, 105, '', '', 0, 0),
(1400, 15, 84, 105, '', '', 0, 0),
(1401, 15, 82, 105, '', '', 0, 0),
(1402, 15, 79, 105, '', '', 0, 0),
(1403, 15, 75, 105, '', '', 0, 0),
(1404, 15, 83, 105, '', '', 0, 0),
(1405, 15, 91, 105, '', '', 0, 0),
(1406, 15, 86, 105, '', '', 0, 0),
(1407, 15, 85, 105, '', '', 0, 0),
(1408, 15, 88, 105, '', '', 0, 0),
(1409, 15, 78, 105, '', '', 0, 0),
(1410, 15, 81, 105, '', '', 0, 0),
(1411, 15, 80, 105, '', '', 0, 0),
(1412, 15, 90, 105, '', '', 0, 0),
(1413, 15, 89, 105, '', '', 0, 0),
(1414, 15, 86, 102, '', '', 0, 0),
(1415, 15, 81, 102, '', '', 0, 0),
(1416, 15, 89, 102, '', '', 0, 0),
(1417, 15, 91, 102, '', '', 0, 0),
(1418, 15, 87, 102, '', '', 0, 0),
(1419, 15, 84, 102, '', '', 0, 0),
(1420, 15, 83, 102, '', '', 0, 0),
(1421, 15, 88, 102, '', '', 0, 0),
(1422, 15, 90, 102, '', '', 0, 0),
(1423, 15, 85, 102, '', '', 0, 0),
(1424, 15, 75, 102, '', '', 0, 0),
(1425, 15, 82, 102, '', '', 0, 0),
(1426, 15, 78, 102, '', '', 0, 0),
(1427, 15, 79, 102, '', '', 0, 0),
(1428, 15, 80, 102, '', '', 0, 0),
(1429, 17, 80, 105, 'A', '353', 1, 0),
(1430, 17, 84, 105, 'C', '375', 1, 0),
(1431, 17, 90, 105, 'A', '403', 1, 0),
(1432, 17, 79, 105, 'B', '349', 1, 0),
(1433, 17, 89, 105, 'E', '402', 1, 0),
(1434, 17, 85, 105, 'A', '378', 1, 0),
(1435, 17, 91, 105, 'B', '409', 1, 0),
(1436, 17, 86, 105, 'C', '385', 1, 0),
(1437, 17, 88, 105, 'A', '393', 1, 0),
(1438, 17, 82, 105, 'B', '364', 1, 0),
(1439, 17, 81, 105, 'D', '361', 1, 0),
(1440, 17, 83, 105, 'E', '372', 1, 0),
(1441, 17, 78, 105, 'D', '346', 0, 0),
(1442, 17, 75, 105, 'C', '338', 1, 0),
(1443, 17, 87, 105, 'D', '391', 1, 0),
(1444, 17, 85, 102, 'A', '378', 1, 0),
(1445, 17, 82, 102, 'B', '364', 1, 0),
(1446, 17, 86, 102, 'D', '386', 0, 0),
(1447, 17, 78, 102, 'B', '344', 1, 0),
(1448, 17, 81, 102, 'D', '361', 1, 0),
(1449, 17, 88, 102, 'A', '393', 1, 0),
(1450, 17, 80, 102, 'A', '353', 1, 0),
(1451, 17, 91, 102, 'B', '409', 1, 0),
(1452, 17, 75, 102, 'C', '338', 1, 0),
(1453, 17, 84, 102, 'C', '375', 1, 0),
(1454, 17, 87, 102, 'D', '391', 1, 0),
(1455, 17, 89, 102, 'E', '402', 1, 0),
(1456, 17, 79, 102, 'B', '349', 1, 0),
(1457, 17, 90, 102, 'A', '403', 1, 0),
(1458, 17, 83, 102, 'E', '372', 1, 0),
(1459, 17, 83, 97, 'A', '368', 0, 0),
(1460, 17, 75, 97, 'C', '338', 1, 0),
(1461, 17, 87, 97, 'C', '390', 0, 0),
(1462, 17, 81, 97, 'D', '361', 1, 0),
(1463, 17, 79, 97, 'C', '350', 0, 0),
(1464, 17, 82, 97, 'B', '364', 1, 0),
(1465, 17, 91, 97, 'B', '409', 1, 0),
(1466, 17, 85, 97, 'A', '378', 1, 0),
(1467, 17, 86, 97, 'D', '386', 0, 0),
(1468, 17, 89, 97, 'E', '402', 1, 0),
(1469, 17, 80, 97, 'A', '353', 1, 0),
(1470, 17, 84, 97, 'C', '375', 1, 0),
(1471, 17, 90, 97, 'B', '404', 0, 0),
(1472, 17, 78, 97, 'B', '344', 1, 0),
(1473, 17, 88, 97, 'A', '393', 1, 0),
(1474, 17, 82, 100, 'B', '364', 1, 0),
(1475, 17, 80, 100, 'A', '353', 1, 0),
(1476, 17, 83, 100, 'E', '372', 1, 0),
(1477, 17, 88, 100, 'A', '393', 1, 0),
(1478, 17, 78, 100, 'B', '344', 1, 0),
(1479, 17, 79, 100, 'B', '349', 1, 0),
(1480, 17, 86, 100, 'D', '386', 0, 0),
(1481, 17, 81, 100, 'D', '361', 1, 0),
(1482, 17, 84, 100, 'C', '375', 1, 0),
(1483, 17, 91, 100, 'B', '409', 1, 0),
(1484, 17, 87, 100, 'D', '391', 1, 0),
(1485, 17, 89, 100, 'E', '402', 1, 0),
(1486, 17, 90, 100, 'A', '403', 1, 0),
(1487, 17, 85, 100, 'A', '378', 1, 0),
(1488, 17, 75, 100, 'C', '338', 1, 0),
(1489, 17, 87, 95, 'D', '391', 1, 0),
(1490, 17, 91, 95, 'B', '409', 1, 0),
(1491, 17, 86, 95, 'B', '384', 0, 0),
(1492, 17, 85, 95, 'A', '378', 1, 0),
(1493, 17, 75, 95, 'C', '338', 1, 0),
(1494, 17, 83, 95, 'E', '372', 1, 0),
(1495, 17, 79, 95, 'B', '349', 1, 0),
(1496, 17, 80, 95, 'A', '353', 1, 0),
(1497, 17, 82, 95, 'B', '364', 1, 0),
(1498, 17, 84, 95, 'C', '375', 1, 0),
(1499, 17, 90, 95, 'A', '403', 1, 0),
(1500, 17, 88, 95, 'A', '393', 1, 0),
(1501, 17, 89, 95, 'E', '402', 1, 0),
(1502, 17, 78, 95, 'B', '344', 1, 0),
(1503, 17, 81, 95, 'D', '361', 1, 0),
(1504, 15, 80, 104, 'A', '353', 0, 0),
(1505, 15, 82, 104, 'B', '364', 0, 0),
(1506, 15, 90, 104, '', '', 0, 0),
(1507, 15, 85, 104, '', '', 0, 0),
(1508, 15, 84, 104, '', '', 0, 0),
(1509, 15, 88, 104, '', '', 0, 0),
(1510, 15, 86, 104, '', '', 0, 0),
(1511, 15, 83, 104, '', '', 0, 0),
(1512, 15, 75, 104, '', '', 0, 0),
(1513, 15, 91, 104, '', '', 0, 0),
(1514, 15, 78, 104, '', '', 0, 0),
(1515, 15, 87, 104, '', '', 0, 0),
(1516, 15, 79, 104, '', '', 0, 0),
(1517, 15, 81, 104, '', '', 0, 0),
(1518, 15, 89, 104, '', '', 0, 0);
INSERT INTO `tabel_jawaban_siswa` (`id`, `ulangan_id`, `soal_id`, `user_id`, `option`, `jawaban`, `skor`, `uncertain`) VALUES
(1519, 17, 78, 101, 'D', '346', 0, 0),
(1520, 17, 79, 101, 'B', '349', 1, 0),
(1521, 17, 90, 101, 'B', '404', 0, 0),
(1522, 17, 83, 101, 'B', '369', 0, 0),
(1523, 17, 85, 101, 'A', '378', 1, 0),
(1524, 17, 80, 101, 'A', '353', 1, 0),
(1525, 17, 84, 101, 'C', '375', 1, 0),
(1526, 17, 81, 101, 'B', '359', 0, 0),
(1527, 17, 88, 101, 'A', '393', 1, 0),
(1528, 17, 91, 101, 'B', '409', 1, 0),
(1529, 17, 87, 101, 'D', '391', 1, 0),
(1530, 17, 75, 101, 'C', '338', 1, 0),
(1531, 17, 82, 101, 'B', '364', 1, 0),
(1532, 17, 86, 101, 'A', '383', 0, 0),
(1533, 17, 89, 101, 'E', '402', 1, 0),
(1534, 17, 87, 98, 'D', '391', 1, 0),
(1535, 17, 84, 98, 'C', '375', 1, 0),
(1536, 17, 85, 98, 'A', '378', 1, 0),
(1537, 17, 83, 98, 'B', '369', 0, 0),
(1538, 17, 89, 98, 'E', '402', 1, 0),
(1539, 17, 90, 98, 'B', '404', 0, 0),
(1540, 17, 82, 98, 'B', '364', 1, 0),
(1541, 17, 88, 98, 'A', '393', 1, 0),
(1542, 17, 86, 98, 'A', '383', 0, 0),
(1543, 17, 78, 98, 'B', '344', 1, 0),
(1544, 17, 91, 98, 'B', '409', 1, 0),
(1545, 17, 81, 98, 'E', '362', 0, 0),
(1546, 17, 80, 98, 'A', '353', 1, 0),
(1547, 17, 75, 98, 'C', '338', 1, 0),
(1548, 17, 79, 98, 'B', '349', 1, 0),
(1549, 17, 84, 103, 'C', '375', 1, 0),
(1550, 17, 87, 103, 'D', '391', 1, 0),
(1551, 17, 79, 103, 'B', '349', 1, 0),
(1552, 17, 91, 103, 'B', '409', 1, 0),
(1553, 17, 88, 103, 'A', '393', 1, 0),
(1554, 17, 89, 103, 'E', '402', 1, 0),
(1555, 17, 78, 103, 'B', '344', 1, 0),
(1556, 17, 80, 103, 'A', '353', 1, 0),
(1557, 17, 83, 103, 'E', '372', 1, 0),
(1558, 17, 75, 103, 'C', '338', 1, 0),
(1559, 17, 90, 103, 'A', '403', 1, 0),
(1560, 17, 86, 103, 'C', '385', 1, 0),
(1561, 17, 85, 103, 'A', '378', 1, 0),
(1562, 17, 82, 103, 'B', '364', 1, 0),
(1563, 17, 81, 103, 'D', '361', 1, 0),
(1564, 17, 87, 110, 'D', '391', 1, 0),
(1565, 17, 90, 110, 'A', '403', 1, 0),
(1566, 17, 75, 110, 'C', '338', 1, 0),
(1567, 17, 85, 110, 'A', '378', 1, 0),
(1568, 17, 79, 110, 'B', '349', 1, 0),
(1569, 17, 80, 110, 'A', '353', 1, 0),
(1570, 17, 81, 110, 'C', '360', 0, 0),
(1571, 17, 84, 110, 'C', '375', 1, 0),
(1572, 17, 91, 110, 'B', '409', 1, 0),
(1573, 17, 78, 110, 'B', '344', 1, 0),
(1574, 17, 86, 110, 'C', '385', 1, 0),
(1575, 17, 88, 110, 'B', '394', 0, 0),
(1576, 17, 82, 110, 'B', '364', 1, 0),
(1577, 17, 89, 110, 'E', '402', 1, 0),
(1578, 17, 83, 110, 'E', '372', 1, 0),
(1579, 17, 85, 111, 'A', '378', 1, 0),
(1580, 17, 90, 111, 'A', '403', 1, 0),
(1581, 17, 80, 111, 'A', '353', 1, 0),
(1582, 17, 89, 111, 'E', '402', 1, 0),
(1583, 17, 75, 111, 'C', '338', 1, 0),
(1584, 17, 86, 111, 'C', '385', 1, 0),
(1585, 17, 87, 111, 'D', '391', 1, 0),
(1586, 17, 84, 111, 'C', '375', 1, 0),
(1587, 17, 83, 111, 'E', '372', 1, 0),
(1588, 17, 88, 111, 'A', '393', 1, 0),
(1589, 17, 82, 111, 'B', '364', 1, 0),
(1590, 17, 81, 111, 'D', '361', 1, 0),
(1591, 17, 91, 111, 'B', '409', 1, 0),
(1592, 17, 78, 111, 'B', '344', 1, 0),
(1593, 17, 79, 111, 'B', '349', 1, 0),
(1594, 17, 89, 104, 'E', '402', 1, 0),
(1595, 17, 81, 104, 'D', '361', 1, 0),
(1596, 17, 90, 104, 'A', '403', 1, 0),
(1597, 17, 91, 104, 'B', '409', 1, 0),
(1598, 17, 80, 104, 'A', '353', 1, 0),
(1599, 17, 84, 104, 'C', '375', 1, 0),
(1600, 17, 83, 104, 'E', '372', 1, 0),
(1601, 17, 86, 104, 'C', '385', 1, 0),
(1602, 17, 88, 104, 'A', '393', 1, 0),
(1603, 17, 79, 104, 'B', '349', 1, 0),
(1604, 17, 75, 104, 'C', '338', 1, 0),
(1605, 17, 85, 104, 'A', '378', 1, 0),
(1606, 17, 82, 104, 'B', '364', 1, 0),
(1607, 17, 78, 104, 'C', '345', 0, 0),
(1608, 17, 87, 104, 'D', '391', 1, 0),
(1609, 17, 87, 96, 'D', '391', 1, 0),
(1610, 17, 84, 96, 'C', '375', 1, 0),
(1611, 17, 75, 96, 'C', '338', 1, 0),
(1612, 17, 86, 96, 'A', '383', 0, 0),
(1613, 17, 78, 96, 'B', '344', 1, 0),
(1614, 17, 79, 96, 'B', '349', 1, 0),
(1615, 17, 91, 96, 'B', '409', 1, 0),
(1616, 17, 89, 96, 'E', '402', 1, 0),
(1617, 17, 82, 96, 'B', '364', 1, 0),
(1618, 17, 90, 96, 'C', '405', 0, 0),
(1619, 17, 88, 96, 'A', '393', 1, 0),
(1620, 17, 80, 96, 'A', '353', 1, 0),
(1621, 17, 83, 96, 'E', '372', 1, 0),
(1622, 17, 81, 96, 'E', '362', 0, 0),
(1623, 17, 85, 96, 'A', '378', 1, 0),
(1624, 17, 85, 109, 'A', '378', 1, 0),
(1625, 17, 82, 109, 'B', '364', 1, 0),
(1626, 17, 80, 109, 'B', '354', 0, 0),
(1627, 17, 87, 109, 'D', '391', 1, 0),
(1628, 17, 84, 109, 'C', '375', 1, 0),
(1629, 17, 75, 109, 'C', '338', 1, 0),
(1630, 17, 79, 109, 'C', '350', 0, 0),
(1631, 17, 78, 109, 'B', '344', 1, 0),
(1632, 17, 90, 109, 'B', '404', 0, 0),
(1633, 17, 88, 109, 'A', '393', 1, 0),
(1634, 17, 83, 109, 'A', '368', 0, 0),
(1635, 17, 89, 109, 'E', '402', 1, 0),
(1636, 17, 86, 109, 'C', '385', 1, 0),
(1637, 17, 81, 109, 'D', '361', 1, 0),
(1638, 17, 91, 109, 'B', '409', 1, 0),
(1639, 17, 78, 114, 'B', '344', 1, 0),
(1640, 17, 80, 114, 'A', '353', 1, 0),
(1641, 17, 86, 114, 'C', '385', 1, 0),
(1642, 17, 87, 114, 'D', '391', 1, 0),
(1643, 17, 82, 114, 'B', '364', 1, 0),
(1644, 17, 84, 114, 'C', '375', 1, 0),
(1645, 17, 88, 114, 'A', '393', 1, 0),
(1646, 17, 79, 114, 'B', '349', 1, 0),
(1647, 17, 81, 114, 'D', '361', 1, 0),
(1648, 17, 83, 114, 'E', '372', 1, 0),
(1649, 17, 85, 114, 'A', '378', 1, 0),
(1650, 17, 89, 114, 'E', '402', 1, 0),
(1651, 17, 91, 114, 'B', '409', 1, 0),
(1652, 17, 75, 114, 'C', '338', 1, 0),
(1653, 17, 90, 114, 'A', '403', 1, 0),
(1654, 17, 81, 115, 'E', '362', 0, 0),
(1655, 17, 86, 115, '', '', 0, 0),
(1656, 17, 75, 115, 'C', '338', 0, 0),
(1657, 17, 79, 115, 'C', '350', 0, 0),
(1658, 17, 82, 115, 'B', '364', 0, 0),
(1659, 17, 88, 115, 'A', '393', 0, 0),
(1660, 17, 78, 115, 'D', '346', 0, 0),
(1661, 17, 83, 115, 'B', '369', 0, 0),
(1662, 17, 91, 115, 'B', '409', 0, 0),
(1663, 17, 89, 115, 'E', '402', 0, 0),
(1664, 17, 90, 115, 'B', '404', 0, 0),
(1665, 17, 85, 115, 'A', '378', 0, 0),
(1666, 17, 87, 115, 'D', '391', 0, 0),
(1667, 17, 80, 115, 'A', '353', 0, 0),
(1668, 17, 84, 115, 'C', '375', 0, 0),
(1669, 17, 86, 116, 'C', '385', 1, 0),
(1670, 17, 85, 116, 'A', '378', 1, 0),
(1671, 17, 87, 116, 'D', '391', 1, 0),
(1672, 17, 78, 116, 'B', '344', 1, 0),
(1673, 17, 84, 116, 'C', '375', 1, 0),
(1674, 17, 79, 116, 'B', '349', 1, 0),
(1675, 17, 81, 116, 'D', '361', 1, 0),
(1676, 17, 88, 116, 'A', '393', 1, 0),
(1677, 17, 90, 116, 'A', '403', 1, 0),
(1678, 17, 89, 116, 'E', '402', 1, 0),
(1679, 17, 83, 116, 'E', '372', 1, 0),
(1680, 17, 80, 116, 'A', '353', 1, 0),
(1681, 17, 75, 116, 'C', '338', 1, 0),
(1682, 17, 91, 116, 'B', '409', 1, 0),
(1683, 17, 82, 116, 'B', '364', 1, 0),
(1684, 17, 75, 120, '', '', 0, 0),
(1685, 17, 82, 120, '', '', 0, 0),
(1686, 17, 80, 120, '', '', 0, 0),
(1687, 17, 84, 120, '', '', 0, 0),
(1688, 17, 88, 120, '', '', 0, 0),
(1689, 17, 85, 120, '', '', 0, 0),
(1690, 17, 87, 120, '', '', 0, 0),
(1691, 17, 90, 120, '', '', 0, 0),
(1692, 17, 79, 120, '', '', 0, 0),
(1693, 17, 78, 120, '', '', 0, 0),
(1694, 17, 86, 120, '', '', 0, 0),
(1695, 17, 91, 120, '', '', 0, 0),
(1696, 17, 89, 120, '', '', 0, 0),
(1697, 17, 81, 120, '', '', 0, 0),
(1698, 17, 83, 120, '', '', 0, 0),
(1699, 17, 79, 119, 'B', '349', 1, 0),
(1700, 17, 83, 119, 'E', '372', 1, 0),
(1701, 17, 89, 119, 'E', '402', 1, 0),
(1702, 17, 80, 119, 'A', '353', 1, 0),
(1703, 17, 84, 119, 'D', '376', 0, 0),
(1704, 17, 86, 119, 'D', '386', 0, 0),
(1705, 17, 90, 119, 'A', '403', 1, 0),
(1706, 17, 78, 119, 'B', '344', 1, 0),
(1707, 17, 82, 119, 'B', '364', 1, 0),
(1708, 17, 75, 119, 'C', '338', 1, 0),
(1709, 17, 91, 119, 'B', '409', 1, 0),
(1710, 17, 81, 119, 'E', '362', 0, 0),
(1711, 17, 87, 119, 'D', '391', 1, 0),
(1712, 17, 85, 119, 'A', '378', 1, 0),
(1713, 17, 88, 119, 'A', '393', 1, 0),
(1714, 17, 90, 118, 'A', '403', 1, 0),
(1715, 17, 79, 118, 'B', '349', 1, 0),
(1716, 17, 89, 118, 'E', '402', 1, 0),
(1717, 17, 84, 118, 'C', '375', 1, 0),
(1718, 17, 83, 118, 'E', '372', 1, 0),
(1719, 17, 85, 118, 'A', '378', 1, 0),
(1720, 17, 78, 118, 'B', '344', 1, 0),
(1721, 17, 80, 118, 'A', '353', 1, 0),
(1722, 17, 82, 118, 'B', '364', 1, 0),
(1723, 17, 87, 118, 'D', '391', 1, 0),
(1724, 17, 81, 118, 'D', '361', 1, 0),
(1725, 17, 88, 118, 'A', '393', 1, 0),
(1726, 17, 75, 118, 'C', '338', 1, 0),
(1727, 17, 86, 118, 'D', '386', 0, 0),
(1728, 17, 91, 118, 'B', '409', 1, 0),
(1729, 17, 89, 112, 'E', '402', 1, 0),
(1730, 17, 88, 112, 'A', '393', 1, 0),
(1731, 17, 86, 112, 'C', '385', 1, 0),
(1732, 17, 75, 112, 'C', '338', 1, 0),
(1733, 17, 78, 112, 'B', '344', 1, 0),
(1734, 17, 91, 112, 'B', '409', 1, 0),
(1735, 17, 85, 112, 'A', '378', 1, 0),
(1736, 17, 87, 112, 'D', '391', 1, 0),
(1737, 17, 82, 112, 'B', '364', 1, 0),
(1738, 17, 79, 112, 'B', '349', 1, 0),
(1739, 17, 80, 112, 'A', '353', 1, 0),
(1740, 17, 81, 112, 'D', '361', 1, 0),
(1741, 17, 84, 112, 'C', '375', 1, 0),
(1742, 17, 90, 112, 'A', '403', 1, 0),
(1743, 17, 83, 112, 'E', '372', 1, 0),
(1744, 17, 88, 113, 'A', '393', 1, 0),
(1745, 17, 80, 113, 'A', '353', 1, 0),
(1746, 17, 79, 113, 'B', '349', 1, 0),
(1747, 17, 91, 113, 'B', '409', 1, 0),
(1748, 17, 81, 113, 'D', '361', 1, 0),
(1749, 17, 90, 113, 'A', '403', 1, 0),
(1750, 17, 75, 113, 'C', '338', 1, 0),
(1751, 17, 84, 113, 'C', '375', 1, 0),
(1752, 17, 82, 113, 'B', '364', 1, 0),
(1753, 17, 89, 113, 'E', '402', 1, 0),
(1754, 17, 86, 113, 'C', '385', 1, 0),
(1755, 17, 83, 113, 'E', '372', 1, 0),
(1756, 17, 78, 113, 'B', '344', 1, 0),
(1757, 17, 87, 113, 'D', '391', 1, 0),
(1758, 17, 85, 113, 'A', '378', 1, 0),
(1759, 17, 85, 124, 'A', '378', 1, 0),
(1760, 17, 75, 124, 'C', '338', 1, 0),
(1761, 17, 86, 124, 'D', '386', 0, 0),
(1762, 17, 80, 124, 'A', '353', 1, 0),
(1763, 17, 82, 124, 'B', '364', 1, 0),
(1764, 17, 83, 124, 'E', '372', 1, 0),
(1765, 17, 87, 124, 'D', '391', 1, 0),
(1766, 17, 81, 124, 'D', '361', 1, 0),
(1767, 17, 78, 124, 'B', '344', 1, 0),
(1768, 17, 79, 124, 'B', '349', 1, 0),
(1769, 17, 88, 124, 'A', '393', 1, 0),
(1770, 17, 91, 124, 'B', '409', 1, 0),
(1771, 17, 89, 124, 'E', '402', 1, 0),
(1772, 17, 90, 124, 'A', '403', 1, 0),
(1773, 17, 84, 124, 'C', '375', 1, 0),
(1774, 17, 85, 117, 'A', '378', 1, 0),
(1775, 17, 81, 117, 'D', '361', 1, 0),
(1776, 17, 86, 117, 'D', '386', 0, 0),
(1777, 17, 80, 117, 'A', '353', 1, 0),
(1778, 17, 79, 117, 'B', '349', 1, 0),
(1779, 17, 89, 117, 'E', '402', 1, 0),
(1780, 17, 90, 117, 'A', '403', 1, 0),
(1781, 17, 87, 117, 'D', '391', 1, 0),
(1782, 17, 83, 117, 'E', '372', 1, 0),
(1783, 17, 91, 117, 'B', '409', 1, 0),
(1784, 17, 78, 117, 'B', '344', 1, 0),
(1785, 17, 88, 117, 'A', '393', 1, 0),
(1786, 17, 84, 117, 'C', '375', 1, 0),
(1787, 17, 82, 117, 'B', '364', 1, 0),
(1788, 17, 75, 117, 'C', '338', 1, 0),
(1789, 17, 86, 121, 'D', '386', 0, 0),
(1790, 17, 88, 121, 'A', '393', 1, 0),
(1791, 17, 75, 121, 'C', '338', 1, 0),
(1792, 17, 87, 121, 'D', '391', 1, 0),
(1793, 17, 84, 121, 'C', '375', 1, 0),
(1794, 17, 78, 121, 'B', '344', 1, 0),
(1795, 17, 91, 121, 'B', '409', 1, 0),
(1796, 17, 83, 121, 'E', '372', 1, 0),
(1797, 17, 80, 121, 'A', '353', 1, 0),
(1798, 17, 90, 121, 'A', '403', 1, 0),
(1799, 17, 89, 121, 'E', '402', 1, 0),
(1800, 17, 81, 121, 'D', '361', 1, 0),
(1801, 17, 79, 121, 'B', '349', 1, 0),
(1802, 17, 85, 121, 'A', '378', 1, 0),
(1803, 17, 82, 121, 'B', '364', 1, 0),
(1804, 17, 87, 125, 'D', '391', 1, 0),
(1805, 17, 80, 125, 'E', '357', 0, 0),
(1806, 17, 75, 125, 'C', '338', 1, 0),
(1807, 17, 91, 125, 'B', '409', 1, 0),
(1808, 17, 88, 125, 'A', '393', 1, 0),
(1809, 17, 90, 125, 'C', '405', 0, 0),
(1810, 17, 79, 125, 'A', '348', 0, 0),
(1811, 17, 83, 125, 'B', '369', 0, 0),
(1812, 17, 86, 125, 'C', '385', 1, 0),
(1813, 17, 89, 125, 'D', '401', 0, 0),
(1814, 17, 82, 125, 'C', '365', 0, 0),
(1815, 17, 84, 125, 'A', '373', 0, 0),
(1816, 17, 78, 125, 'B', '344', 1, 0),
(1817, 17, 85, 125, 'A', '378', 1, 0),
(1818, 17, 81, 125, 'D', '361', 1, 0),
(1819, 17, 79, 126, 'B', '349', 0, 0),
(1820, 17, 89, 126, 'E', '402', 0, 1),
(1821, 17, 84, 126, 'E', '377', 0, 0),
(1822, 17, 85, 126, 'A', '378', 0, 0),
(1823, 17, 80, 126, 'E', '357', 0, 0),
(1824, 17, 87, 126, 'B', '389', 0, 0),
(1825, 17, 81, 126, 'E', '362', 0, 0),
(1826, 17, 86, 126, 'A', '383', 0, 0),
(1827, 17, 75, 126, '', '', 0, 0),
(1828, 17, 88, 126, 'D', '396', 0, 0),
(1829, 17, 91, 126, '', '', 0, 0),
(1830, 17, 78, 126, '', '', 0, 0),
(1831, 17, 82, 126, '', '', 0, 0),
(1832, 17, 90, 126, '', '', 0, 0),
(1833, 17, 83, 126, '', '', 0, 0),
(1834, 17, 88, 127, 'A', '393', 0, 0),
(1835, 17, 87, 127, 'C', '390', 0, 0),
(1836, 17, 81, 127, 'D', '361', 0, 0),
(1837, 17, 79, 127, 'B', '349', 0, 0),
(1838, 17, 90, 127, 'E', '407', 0, 0),
(1839, 17, 84, 127, 'C', '375', 0, 0),
(1840, 17, 75, 127, 'C', '338', 0, 0),
(1841, 17, 78, 127, 'B', '344', 0, 0),
(1842, 17, 86, 127, 'C', '385', 0, 0),
(1843, 17, 83, 127, 'E', '372', 0, 0),
(1844, 17, 91, 127, 'B', '409', 0, 0),
(1845, 17, 80, 127, 'A', '353', 0, 0),
(1846, 17, 82, 127, 'B', '364', 0, 0),
(1847, 17, 89, 127, 'E', '402', 0, 0),
(1848, 17, 85, 127, 'A', '378', 0, 0),
(1849, 15, 84, 132, 'A', '373', 0, 0),
(1850, 15, 86, 132, 'B', '384', 0, 0),
(1851, 15, 81, 132, 'A', '358', 0, 0),
(1852, 15, 82, 132, '', '', 0, 0),
(1853, 15, 89, 132, '', '', 0, 0),
(1854, 15, 75, 132, '', '', 0, 0),
(1855, 15, 79, 132, '', '', 0, 0),
(1856, 15, 78, 132, '', '', 0, 0),
(1857, 15, 90, 132, '', '', 0, 0),
(1858, 15, 88, 132, '', '', 0, 0),
(1859, 15, 83, 132, '', '', 0, 0),
(1860, 15, 85, 132, '', '', 0, 0),
(1861, 15, 91, 132, '', '', 0, 0),
(1862, 15, 80, 132, '', '', 0, 0),
(1863, 15, 87, 132, '', '', 0, 0),
(1864, 15, 86, 115, 'C', '385', 1, 0),
(1865, 15, 81, 115, 'D', '361', 1, 0),
(1866, 15, 78, 115, 'B', '344', 1, 0),
(1867, 15, 82, 115, 'B', '364', 1, 0),
(1868, 15, 75, 115, 'C', '338', 1, 0),
(1869, 15, 85, 115, 'A', '378', 1, 0),
(1870, 15, 90, 115, 'A', '403', 1, 0),
(1871, 15, 87, 115, 'D', '391', 1, 0),
(1872, 15, 91, 115, 'B', '409', 1, 0),
(1873, 15, 88, 115, 'A', '393', 1, 0),
(1874, 15, 89, 115, 'E', '402', 1, 0),
(1875, 15, 80, 115, 'A', '353', 1, 0),
(1876, 15, 84, 115, 'C', '375', 1, 0),
(1877, 15, 79, 115, 'B', '349', 1, 0),
(1878, 15, 83, 115, 'B', '369', 0, 0),
(1879, 15, 86, 120, 'A', '383', 0, 0),
(1880, 15, 88, 120, 'A', '393', 1, 0),
(1881, 15, 75, 120, 'C', '338', 1, 0),
(1882, 15, 80, 120, 'A', '353', 1, 0),
(1883, 15, 89, 120, 'E', '402', 1, 0),
(1884, 15, 90, 120, 'A', '403', 1, 0),
(1885, 15, 83, 120, 'B', '369', 0, 0),
(1886, 15, 78, 120, 'B', '344', 1, 0),
(1887, 15, 81, 120, 'D', '361', 1, 0),
(1888, 15, 84, 120, 'A', '373', 0, 0),
(1889, 15, 85, 120, 'A', '378', 1, 0),
(1890, 15, 79, 120, 'B', '349', 1, 0),
(1891, 15, 82, 120, 'B', '364', 1, 0),
(1892, 15, 87, 120, 'D', '391', 1, 0),
(1893, 15, 91, 120, 'B', '409', 1, 0);

-- --------------------------------------------------------

--
-- Table structure for table `tabel_kerja`
--

CREATE TABLE `tabel_kerja` (
  `id` int(11) NOT NULL,
  `ulangan_id` int(11) UNSIGNED NOT NULL,
  `user_id` bigint(20) UNSIGNED NOT NULL,
  `waktu_mulai` int(11) NOT NULL
) ENGINE=InnoDB DEFAULT CHARSET=latin1;

-- --------------------------------------------------------

--
-- Table structure for table `tabel_referensi_soal`
--

CREATE TABLE `tabel_referensi_soal` (
  `id` bigint(20) UNSIGNED NOT NULL,
  `ulangan_id` int(11) UNSIGNED NOT NULL,
  `bank_soal_id` int(10) UNSIGNED NOT NULL,
  `pg` int(3) DEFAULT NULL,
  `isian` int(3) DEFAULT NULL,
  `esai` int(3) DEFAULT NULL
) ENGINE=InnoDB DEFAULT CHARSET=latin1;

--
-- Dumping data for table `tabel_referensi_soal`
--

INSERT INTO `tabel_referensi_soal` (`id`, `ulangan_id`, `bank_soal_id`, `pg`, `isian`, `esai`) VALUES
(2, 1, 1, 1, 2, 2),
(3, 1, 3, 2, 2, 1),
(4, 5, 1, 1, 1, 1),
(8, 8, 3, 1, NULL, NULL),
(9, 9, 3, 1, 0, 0),
(12, 11, 4, 10, 0, 0),
(13, 11, 3, 10, 0, 0),
(14, 12, 3, 10, 0, 0),
(15, 12, 4, 10, 0, 0),
(20, 15, 5, 15, 0, 0),
(21, 17, 5, 15, 0, 0);

-- --------------------------------------------------------

--
-- Table structure for table `tabel_soal`
--

CREATE TABLE `tabel_soal` (
  `id` int(11) UNSIGNED NOT NULL,
  `kode` varchar(22) NOT NULL,
  `bank_soal_id` int(11) UNSIGNED NOT NULL,
  `type` varchar(255) NOT NULL,
  `text` text NOT NULL,
  `gambar` varchar(255) NOT NULL,
  `audio` varchar(255) NOT NULL
) ENGINE=InnoDB DEFAULT CHARSET=latin1;

--
-- Dumping data for table `tabel_soal`
--

INSERT INTO `tabel_soal` (`id`, `kode`, `bank_soal_id`, `type`, `text`, `gambar`, `audio`) VALUES
(1, 'S-1', 1, 'teks', 'ini soal esai', '', ''),
(2, 'S-2', 1, 'teks', 'ini soal isian', '', ''),
(3, 'S-3', 1, 'teks', 'ini soal gambar', '', ''),
(4, 'S-4', 1, 'teks', 'ini soal teks', '', ''),
(5, 'S-6', 1, 'gambar', 'ini gambar esai baru', 'S-6_1568948599_3.jpg', ''),
(6, 'S-7', 1, 'gambar', 'ini gambar gambar', 'S-7_1568413838_akatsuki-clouds-png-2.png', ''),
(7, 'S-8', 1, 'gambar', 'ini gambar isian', 'S-8_1568406228_2.jpg', ''),
(8, 'S-9', 1, 'gambar', 'ini gambar teks', 'S-9_1568406261_5.jpeg', ''),
(9, 'S-10', 1, 'teks', 'soal tes baru', '', ''),
(25, 'S-1', 3, 'teks', 'Dalam deret menu corel draw, menu import terdapat dalam deret...', '', ''),
(26, 'S-2', 3, 'teks', 'Sifat dari grafik vektor adalah resolution....', '', ''),
(27, 'S-3', 3, 'teks', 'Untuk mengadakan perubahan secara bebas dibutuhkan ...', '', ''),
(28, 'S-4', 3, 'teks', 'Clone berfungsi untuk ... objek.', '', ''),
(29, 'S-5', 3, 'teks', 'File berekstensi .eps biasanya merupakan grafik bertipe ....', '', ''),
(30, 'S-6', 3, 'teks', 'Pada grafik raster terdapat deretan titik-titik yang dikenal dengan nama ....', '', ''),
(31, 'S-7', 3, 'teks', 'Istilah lain dari grafik bitmap adalah ....', '', ''),
(32, 'S-8', 3, 'teks', 'Berikut adalah ekstensi gambar bitmap, kecuali ....', '', ''),
(33, 'S-9', 3, 'teks', 'Sofware yang berhubungan dengan format vektor adalah ....', '', ''),
(34, 'S-10', 3, 'teks', 'Kualitas gambar yang tidak tergantung pada resolusi gambar ....', '', ''),
(35, 'S-11', 3, 'teks', 'File gambar yang dihasilkan dari kamera termasuk gambar jenis ....', '', ''),
(36, 'S-12', 3, 'teks', 'Gambar kartun termasuk gambar jenis ....', '', ''),
(37, 'S-13', 3, 'teks', 'Program aplikasi untuk mengolah gambar bitmap yang otomatis terinstal pada windows 7 adalah ...', '', ''),
(38, 'S-14', 3, 'teks', 'Program aplikasi untuk membuat gambar vektor adalah ....', '', ''),
(39, 'S-15', 3, 'teks', 'Titik-titik yang merupakan bagian terkecil dari gambar bitmap dikenal dengan istilah ...', '', ''),
(40, 'S-16', 3, 'teks', 'Kesan alami yang didapatkan dari suatu objek, dikenal dengan istilah ....', '', ''),
(41, 'S-17', 3, 'teks', 'Gambar yang bersifat scalable, sehingga kualitasnya tetap bila diperbesar maupun diperkecil adalah gambar jenis ....', '', ''),
(42, 'S-18', 3, 'teks', 'Gambar kartun atau vektor merupakan gabungan dari beberapa objek berikut ini, kecuali...', '', ''),
(43, 'S-19', 3, 'teks', 'Ukuran file gambar vektor bila dibandingkan dengan gambar bitmap adalah ....', '', ''),
(44, 'S-20', 3, 'teks', 'Gambar manual dapat diubah menjadi gambar digital, dengan cara ....', '', ''),
(45, 'S-21', 3, 'teks', 'Dibandingkan dengan grafik vektor, file grafik bitmap lebih ....', '', ''),
(46, 'S-22', 3, 'teks', 'Gambar murni (pure) mempunyai ekstensi ....', '', ''),
(47, 'S-23', 3, 'teks', 'Sebuah grafik komputer mengandung informasi ....', '', ''),
(48, 'S-24', 3, 'teks', 'File berekstensi .wmf  biasanya merupakan grafik bertipe ....', '', ''),
(49, 'S-25', 3, 'teks', 'Grafik komputer yang tersusun dari element kurva atau garis (stroke), dan isinya (fill) dikenal dengan nama grafik ....', '', ''),
(50, 'S-1', 4, 'teks', 'Berikut ini yang bukan merupakan program desain grafis adalah …….', '', ''),
(51, 'S-2', 4, 'teks', 'Program desain grafis terdiri atas desain berbasis vector dan desain berbasis bitmap. Keunggulan  Desain berbasis Bitmap adalah ………', '', ''),
(52, 'S-3', 4, 'teks', 'Format gambar bitmap yang umum digunakan (sebagai ekstensi file) kecuali ……..', '', ''),
(53, 'S-4', 4, 'teks', 'Ekstensi file yang diolah dengan menggunakan pengolahan grafis vector yaitu:', '', ''),
(54, 'S-5', 4, 'teks', 'Untuk membuat bentuk segi banyak dalam corel draw X5, pada toolbox kita pilih menu … tool', '', ''),
(55, 'S-6', 4, 'teks', 'Salah satu ciri pengolah grafis adalah kemampuannya mengatur ….', '', ''),
(56, 'S-7', 4, 'teks', 'Dalam deret menu Corel Draw, menu Import terdapat dalam deret …', '', ''),
(57, 'S-8', 4, 'teks', 'Salah satu flyout pada CorelDraw X5 yang berfungsi memberikan tampilan tiga dimensi dari objek geometris adalah …', '', ''),
(58, 'S-9', 4, 'teks', 'File-file grafik vector dapat diperoleh dari aplikasi …', '', ''),
(59, 'S-10', 4, 'teks', 'Untuk membuat tabel dalam corel draw X5, pada toolbox kita pilih menu …', '', ''),
(60, 'S-11', 4, 'teks', 'Untuk mencetak gambar dalam corel draw X5 dapat digunakan fasilitas …', '', ''),
(61, 'S-12', 4, 'teks', 'Tipe/format file berikut yang biasanya merupakan grafik vector adalah …', '', ''),
(62, 'S-13', 4, 'teks', 'Istilah publish pada coreldraw X5 dapat berarti menghasilkan file untuk publikasi di internet, yaitu file berekstensi …', '', ''),
(63, 'S-14', 4, 'teks', 'Pembuatan buku pada industry percetakan biasanya menggunakan perangkat lunak yang mampu mengatur layout teks dan gambar. Program aplikasi semacam itu dikenal dengan istilah program aplikasi …', '', ''),
(64, 'S-15', 4, 'teks', 'Gambar dengan aplikasi Coreldraw X5 dapat disimpan sebagai file standar Adobe Acrobat Reader, yaitu file berekstensi …', '', ''),
(65, 'S-16', 4, 'teks', 'Berikut ini adalah format-format file yang mampu ditangani oleh CorelDraw X5, kecuali …', '', ''),
(66, 'S-17', 4, 'gambar', 'Kumpulan symbol pada gambar di atas  adalah ……….', 'S-17_1569246814_17.png', ''),
(67, 'S-18', 4, 'gambar', 'Gambar di atas merupakan isi toolbox yang bernama ……………', 'S-18_1569246898_1.png', ''),
(68, 'S-19', 4, 'gambar', 'Gambar di atas merupakan isi toolbox  yang bernama ……………', 'S-19_1569246991_19.png', ''),
(69, 'S-20', 4, 'gambar', 'Gambar di atas merupakan isi toolbox yang bernama ……………', 'S-20_1569247054_20.png', ''),
(70, 'S-21', 4, 'gambar', 'Gambar di atas merupakan isi toolbox yang bernama ……………', 'S-21_1569247146_21.png', ''),
(71, 'S-22', 4, 'gambar', 'Gambar di atas merupakan isi toolbox yang bernama ……………', 'S-22_1569247217_22.png', ''),
(72, 'S-23', 4, 'teks', 'Titik-titik yang merupakan bagian terkecil dari gambar bitmap dikenal dengan istilah …', '', ''),
(73, 'S-24', 4, 'teks', 'Untuk mengatur tata letak halaman yang akan dipakai agar sesuai dengan besarnya objek yang dibuat pada program aplikasi Corel Draw, digunakan menu ….', '', ''),
(74, 'S-25', 4, 'teks', 'Perintah untuk membuat tulisan melingkar pada coreldraw X5 adalah …', '', ''),
(75, 'S-1', 5, 'teks', 'Program Aplikasi dari Microsoft Office yang merupakan program pengolah kata adalah ....', '', ''),
(78, 'S-2', 5, 'teks', 'Untuk menggeser lembar kerja ke atas atau ke bawah menggunakan ......', '', ''),
(79, 'S-3', 5, 'teks', 'Tab yang berisi ikon-ikon untuk instruksi membuat header dan footer adalah ....', '', ''),
(80, 'S-4', 5, 'teks', 'Istilah jarak halaman yang diukur dari tepi kertas bagian atas disebut ...... margin', '', ''),
(81, 'S-5', 5, 'teks', 'Gambar ikon berfungsi untuk ....', '', ''),
(82, 'S-6', 5, 'teks', 'Picture terdapat pada Tab .....', '', ''),
(83, 'S-7', 5, 'teks', 'Ikon yang digunakan untuk membuat huruf pertama pada teks atau paragraf menjadi huruf yang lebih besar dari pada huruf yang lain adalah...', '', ''),
(84, 'S-8', 5, 'teks', 'Saat kita membuat surat dengan menggunakan Word, submenu yang digunakan untuk mengatur jarak baris kedua dan seterusnya pada suatu paragraf adalah .....', '', ''),
(85, 'S-9', 5, 'teks', 'Perintah dari keyboard untuk melakukan cetak miring pada tulisan di Microsoft Word adalah .....', '', ''),
(86, 'S-10', 5, 'teks', 'Tab yang digunakan untuk mengatur tampilan halaman dokumen adalah ....', '', ''),
(87, 'S-11', 5, 'teks', 'Untuk melakukan Justify suatu teks atau paragraf ditunjukkan ikon nomor .....', '', ''),
(88, 'S-12', 5, 'teks', 'Format ukuran kertas 210 x 297 mm adalah ......', '', ''),
(89, 'S-13', 5, 'teks', 'Urutan perintah yang digunakan untuk menyisipkan gambar / foto di dokumen Word adalah : ......', '', ''),
(90, 'S-14', 5, 'teks', 'Cara membuat file atau dokumen baru pada program Microsoft Word 2007 adalah …', '', ''),
(91, 'S-15', 5, 'teks', 'Digunakan untuk mendeteksi kesalahan penulisan dan ejaan bahasa pada kalimat, serta menyisipkan symbol secara cepat dan menuliskan kalimat dengan cepat hanya dengan menulis beberapa huruf adalah.......', '', ''),
(93, 'S-1', 6, 'teks', 'soal', '', ''),
(94, 'S-2', 6, 'teks', 'a', '', '');

-- --------------------------------------------------------

--
-- Table structure for table `tabel_ulangan`
--

CREATE TABLE `tabel_ulangan` (
  `id` int(11) UNSIGNED NOT NULL,
  `class_id` int(11) UNSIGNED NOT NULL,
  `creator_id` bigint(20) UNSIGNED NOT NULL,
  `nama` varchar(255) NOT NULL,
  `waktu_mulai` int(11) NOT NULL,
  `durasi` int(11) NOT NULL,
  `kkm` int(3) NOT NULL,
  `nilai_maks` int(11) NOT NULL
) ENGINE=InnoDB DEFAULT CHARSET=latin1;

--
-- Dumping data for table `tabel_ulangan`
--

INSERT INTO `tabel_ulangan` (`id`, `class_id`, `creator_id`, `nama`, `waktu_mulai`, `durasi`, `kkm`, `nilai_maks`) VALUES
(1, 1, 5, 'Ulangan', 2147483647, 60, 80, 100),
(2, 1, 5, 'Ulangan Harian Bahasa Inggris', 2147483647, 60, 75, 100),
(3, 1, 5, 'Ulangan Harian Bahasa Indonesia', 2147483647, 60, 75, 100),
(4, 1, 5, 'Ulanganku', 0, 60, 65, 100),
(5, 1, 5, 'ulangan', 2147483647, 60, 75, 100),
(6, 1, 5, 'Ulangan Tengah Semester IPA Kelas XII', 2147483647, 20, 65, 100),
(8, 1, 5, 'test gambar', 1569189600, 10, 85, 100),
(9, 1, 5, 'tes beta', 1569276000, 10, 80, 100),
(10, 1, 5, 'Ulangan Harian 2', 1569283200, 10, 90, 100),
(11, 1, 5, 'ulangan harian 2', 1569283200, 90, 85, 100),
(12, 1, 5, 'ulangan harian 2', 1569283200, 90, 85, 100),
(13, 1, 5, 'hghg', 1569283200, 10, 80, 100),
(14, 1, 5, 'Tets', 1569283200, 9, 80, 100),
(15, 1, 5, 'Ulangan Harian 2', 1569369600, 90, 75, 100),
(16, 1, 5, 'Ulangan Harian 2', 1569369600, 90, 75, 100),
(17, 1, 5, 'ulangan harian 2', 1569369600, 90, 75, 100);

-- --------------------------------------------------------

--
-- Table structure for table `table_groups`
--

CREATE TABLE `table_groups` (
  `id` mediumint(8) UNSIGNED NOT NULL,
  `name` varchar(20) NOT NULL,
  `description` varchar(100) NOT NULL
) ENGINE=InnoDB DEFAULT CHARSET=utf8;

--
-- Dumping data for table `table_groups`
--

INSERT INTO `table_groups` (`id`, `name`, `description`) VALUES
(1, 'admin', 'Administrator'),
(2, 'Guru', 'General Teacher'),
(3, 'Murid', 'General Student');

-- --------------------------------------------------------

--
-- Table structure for table `table_log`
--

CREATE TABLE `table_log` (
  `log_id` int(11) NOT NULL,
  `log_action` text NOT NULL,
  `log_datetime` timestamp NOT NULL DEFAULT CURRENT_TIMESTAMP ON UPDATE CURRENT_TIMESTAMP,
  `log_ipaddress` varchar(20) NOT NULL,
  `user_id` int(11) NOT NULL
) ENGINE=InnoDB DEFAULT CHARSET=latin1;

--
-- Dumping data for table `table_log`
--

INSERT INTO `table_log` (`log_id`, `log_action`, `log_datetime`, `log_ipaddress`, `user_id`) VALUES
(1, 'add data user', '2018-07-13 10:28:10', '::1', 1),
(2, 'update data skpd', '2018-07-13 10:39:14', '::1', 1),
(3, 'add data userprofile', '2018-07-16 03:25:17', '::1', 1),
(4, 'update data userprofile', '2018-07-16 04:11:59', '::1', 1),
(5, 'add data usulan', '2018-07-16 10:41:07', '::1', 1),
(6, 'add data menu', '2018-07-16 17:30:32', '::1', 1),
(7, 'update data menu', '2018-07-16 17:31:37', '::1', 1),
(8, 'add data submenu', '2018-07-16 18:26:16', '::1', 1),
(9, 'add data submenu', '2018-07-16 18:28:16', '::1', 1),
(10, 'add data menu', '2018-07-16 18:33:25', '::1', 1),
(11, 'add data menu', '2018-07-16 18:33:41', '::1', 1),
(12, 'add data menu', '2018-07-16 18:33:54', '::1', 1),
(13, 'add data menu', '2018-07-16 18:34:07', '::1', 1),
(14, 'add data menu', '2018-07-16 18:34:21', '::1', 1),
(15, 'add data menu', '2018-07-16 18:35:37', '::1', 1),
(16, 'add data group', '2018-07-16 18:50:39', '::1', 1),
(17, 'add data groupmenu', '2018-07-16 19:05:13', '::1', 1),
(18, 'add data groupmenu', '2018-07-16 19:14:49', '::1', 1),
(19, 'add data groupmenu', '2018-07-16 19:16:15', '::1', 1),
(20, 'add data groupmenu', '2018-07-16 19:16:20', '::1', 1),
(21, 'add data groupmenu', '2018-07-16 19:16:24', '::1', 1),
(22, 'add data groupmenu', '2018-07-16 19:16:30', '::1', 1),
(23, 'add data groupmenu', '2018-07-16 19:16:34', '::1', 1),
(24, 'add data groupmenu', '2018-07-16 19:16:56', '::1', 1),
(25, 'update data menu', '2018-07-17 04:15:15', '::1', 1),
(26, 'add data submenu', '2018-07-17 04:16:13', '::1', 1),
(27, 'add data group', '2018-07-17 05:25:11', '::1', 1),
(28, 'add data group', '2018-07-17 05:25:31', '::1', 1),
(29, 'add data user', '2018-07-17 05:34:18', '::1', 1),
(30, 'add data user', '2018-07-17 05:35:16', '::1', 1),
(31, 'update data user', '2018-07-17 05:35:25', '::1', 1),
(32, 'add data groupmenu', '2018-07-17 05:39:40', '::1', 1),
(33, 'add data groupmenu', '2018-07-17 05:39:58', '::1', 1),
(34, 'add data menu', '2018-07-17 05:40:36', '::1', 1),
(35, 'add data groupmenu', '2018-07-17 05:41:01', '::1', 1),
(36, 'add data groupmenu', '2018-07-17 05:41:30', '::1', 1),
(37, 'add data groupmenu', '2018-07-17 05:41:35', '::1', 1),
(38, 'add data groupmenu', '2018-07-17 05:41:52', '::1', 1),
(39, 'add data groupmenu', '2018-07-17 05:42:25', '::1', 1),
(40, 'add data groupmenu', '2018-07-17 05:42:30', '::1', 1),
(41, 'add data groupmenu', '2018-07-17 05:42:38', '::1', 1),
(42, 'update data user', '2018-07-17 05:44:16', '::1', 1),
(43, 'update data user', '2018-07-17 07:11:00', '::1', 1),
(44, 'update data user', '2018-07-17 07:11:16', '::1', 1),
(45, 'add data skpd', '2018-07-17 14:03:32', '::1', 1),
(46, 'add data skpd', '2018-07-17 14:03:58', '::1', 1),
(47, 'update data user', '2018-07-17 14:04:35', '::1', 1),
(48, 'add data usulan', '2018-07-17 14:23:15', '::1', 10),
(49, 'add data skpd', '2018-07-17 14:31:28', '::1', 1),
(50, 'add data user', '2018-07-17 14:32:24', '::1', 1),
(51, 'update data periksa', '2018-07-17 15:15:15', '::1', 9),
(52, 'add data menu', '2018-07-17 17:06:04', '::1', 1),
(53, 'add data groupmenu', '2018-07-17 17:06:31', '::1', 1),
(54, 'add data menu', '2018-07-17 17:08:28', '::1', 1),
(55, 'update data menu', '2018-07-17 17:08:44', '::1', 1),
(56, 'add data submenu', '2018-07-17 17:09:05', '::1', 1),
(57, 'add data submenu', '2018-07-17 17:09:44', '::1', 1),
(58, 'add data groupmenu', '2018-07-17 17:11:00', '::1', 1),
(59, 'update data menu', '2018-07-17 17:16:14', '::1', 1),
(60, 'add data submenu', '2018-07-17 17:20:41', '::1', 1),
(61, 'add data menu', '2018-07-17 17:32:54', '::1', 1),
(62, 'add data menu', '2018-07-17 17:33:20', '::1', 1),
(63, 'add data groupmenu', '2018-07-17 17:33:32', '::1', 1),
(64, 'add data groupmenu', '2018-07-17 17:33:39', '::1', 1),
(65, 'add data pengumuman', '2018-07-17 17:34:14', '::1', 1),
(66, 'add data user', '2018-07-17 17:38:07', '::1', 1),
(67, 'add data user', '2018-07-17 17:40:09', '::1', 1),
(68, 'update data periksa', '2018-07-17 18:04:43', '::1', 13),
(69, 'add data usulan', '2018-07-18 10:39:25', '::1', 12),
(70, 'update data skpd', '2018-07-18 11:19:33', '::1', 1),
(71, 'update data skpd', '2018-07-18 11:19:57', '::1', 1),
(72, 'add data skpd', '2018-07-18 11:20:19', '::1', 1),
(73, 'update data skpd', '2018-07-18 11:20:24', '::1', 1),
(74, 'update data skpd', '2018-07-18 11:20:31', '::1', 1),
(75, 'add data skpd', '2018-07-18 11:22:05', '::1', 1),
(76, 'add data skpd', '2018-07-18 11:22:34', '::1', 1),
(77, 'add data user', '2018-07-18 11:24:48', '::1', 1),
(78, 'add data usulan', '2018-07-18 11:54:06', '::1', 12),
(79, 'add data usulan', '2018-07-18 12:18:53', '::1', 12),
(80, 'update data periksa', '2018-07-18 12:20:18', '::1', 13),
(81, 'add data usulan', '2018-07-18 13:11:16', '192.168.1.25', 12),
(82, 'update data periksa', '2018-07-18 13:16:51', '192.168.1.19', 13),
(83, 'add data usulan', '2018-07-18 13:37:43', '::1', 12),
(84, 'add data usulan', '2018-07-18 13:41:25', '192.168.1.22', 12),
(85, 'add data usulan', '2018-07-18 13:56:07', '192.168.1.25', 12),
(86, 'add data usulan', '2018-07-18 14:02:50', '192.168.1.25', 12),
(87, 'add data usulan', '2018-07-18 23:00:20', '::1', 12),
(88, 'add data usulan', '2018-07-18 23:00:38', '::1', 12),
(89, 'add data usulan', '2018-07-18 23:06:40', '::1', 12),
(90, 'add data usulan', '2018-07-18 23:18:19', '::1', 14),
(91, 'add data usulan', '2018-07-18 23:23:37', '::1', 14),
(92, 'add data usulan', '2018-07-18 23:24:25', '::1', 14),
(93, 'add data usulan', '2018-07-18 23:24:57', '::1', 14),
(94, 'add data usulan', '2018-07-18 23:49:16', '::1', 14),
(95, 'add data usulan', '2018-07-19 00:14:44', '::1', 14),
(96, 'add data usulan', '2018-07-19 00:15:48', '::1', 14),
(97, 'update data periksa', '2018-07-19 00:17:15', '::1', 13),
(98, 'update data periksa', '2018-07-19 00:18:07', '::1', 13),
(99, 'add data usulan', '2018-07-19 01:42:30', '192.168.43.103', 12),
(100, 'update data periksa', '2018-07-19 01:44:35', '192.168.43.13', 13),
(101, 'add data skpd', '2018-07-19 02:40:23', '192.168.43.13', 1),
(102, 'add data skpd', '2018-07-19 02:41:21', '192.168.43.13', 1),
(103, 'add data skpd', '2018-07-19 02:41:52', '192.168.43.13', 1),
(104, 'add data skpd', '2018-07-19 02:42:09', '192.168.43.13', 1),
(105, 'add data user', '2018-07-19 02:43:13', '192.168.43.13', 1),
(106, 'add data user', '2018-07-19 02:44:33', '192.168.43.13', 1),
(107, 'add data user', '2018-07-19 02:51:52', '192.168.0.110', 1),
(108, 'add data skpd', '2018-07-19 02:52:09', '192.168.0.110', 1),
(109, 'add data skpd', '2018-07-19 02:52:26', '192.168.0.110', 1),
(110, 'add data user', '2018-07-19 02:52:48', '192.168.0.110', 1),
(111, 'add data user', '2018-07-19 02:53:09', '192.168.0.110', 1),
(112, 'add data usulan', '2018-07-19 02:58:56', '192.168.0.120', 12),
(113, 'add data usulan', '2018-07-19 02:59:52', '192.168.0.110', 12),
(114, 'add data usulan', '2018-07-19 03:00:00', '192.168.0.115', 12),
(115, 'add data usulan', '2018-07-19 03:01:59', '192.168.0.126', 18),
(116, 'update data periksa', '2018-07-19 03:02:45', '192.168.0.110', 13),
(117, 'add data usulan', '2018-07-19 03:05:44', '192.168.0.119', 15),
(118, 'add data usulan', '2018-07-19 03:06:00', '192.168.0.111', 15),
(119, 'update data periksa', '2018-07-19 03:07:49', '192.168.0.110', 13),
(120, 'add data usulan', '2018-07-19 03:08:38', '192.168.0.127', 18),
(121, 'add data usulan', '2018-07-19 03:09:33', '192.168.0.115', 12),
(122, 'add data usulan', '2018-07-19 03:09:38', '192.168.0.116', 16),
(123, 'add data usulan', '2018-07-19 03:10:22', '192.168.0.124', 17),
(124, 'update data usulan', '2018-07-19 03:11:23', '192.168.0.115', 12),
(125, 'update data periksa', '2018-07-19 03:12:04', '192.168.0.110', 13),
(126, 'add data usulan', '2018-07-19 03:12:16', '192.168.0.114', 19),
(127, 'update data periksa', '2018-07-19 03:13:00', '192.168.0.110', 13),
(128, 'update data usulan', '2018-07-19 03:13:31', '192.168.0.127', 18),
(129, 'update data periksa', '2018-07-19 03:14:07', '192.168.0.110', 13),
(130, 'add data usulan', '2018-07-19 03:15:34', '192.168.0.128', 14),
(131, 'update data usulan', '2018-07-19 03:27:42', '192.168.0.110', 16),
(132, 'update data periksa', '2018-07-19 03:29:57', '192.168.0.110', 13),
(133, 'add data userprofile', '2018-07-19 03:41:58', '192.168.0.119', 15),
(134, 'add data userprofile', '2018-07-19 03:44:20', '192.168.0.119', 15),
(135, 'add data menu', '2018-10-10 18:31:53', '::1', 1),
(136, 'add data menu', '2018-11-12 07:51:08', '::1', 1),
(137, 'update data menu', '2018-11-13 03:07:31', '::1', 1),
(138, 'update data menu', '2018-11-13 04:49:46', '::1', 1),
(139, 'update data menu', '2018-11-13 04:50:01', '::1', 1),
(140, 'update data menu', '2018-11-13 04:50:48', '::1', 1),
(141, 'add data menu', '2018-11-14 02:06:36', '::1', 1),
(142, 'update data menu', '2018-11-14 02:06:52', '::1', 1),
(143, 'add data menu', '2018-11-14 03:23:21', '::1', 1),
(144, 'update data menu', '2018-11-14 03:29:51', '::1', 1),
(145, 'update data menu', '2018-11-14 03:30:12', '::1', 1),
(146, 'update data menu', '2018-11-14 03:33:48', '::1', 1),
(147, 'add data menu', '2018-11-14 06:34:49', '::1', 1),
(148, 'add data menu', '2018-11-15 03:13:50', '::1', 1),
(149, 'update data menu', '2018-11-15 03:14:19', '::1', 1),
(150, 'update data menu', '2018-11-15 03:14:59', '::1', 1),
(151, 'add data crud', '2018-11-15 03:43:27', '::1', 1),
(152, 'add data crud', '2018-11-15 03:55:51', '::1', 1),
(153, 'update data crud', '2018-11-15 04:01:42', '::1', 1),
(154, 'update data crud', '2018-11-15 04:17:29', '::1', 1),
(155, 'update data crud', '2018-11-15 04:17:41', '::1', 1),
(156, 'update data crud', '2018-11-15 04:17:47', '::1', 1),
(157, 'add data crud', '2018-11-15 04:21:11', '::1', 1),
(158, 'add data crud', '2018-11-15 04:22:08', '::1', 1),
(159, 'add data crudfield', '2018-11-15 04:46:49', '::1', 1),
(160, 'add data crud', '2018-11-19 04:15:20', '::1', 1),
(161, 'add data crud', '2018-11-19 04:16:56', '::1', 1),
(162, 'add data crud', '2018-11-19 04:18:20', '::1', 1),
(163, 'add data crud', '2018-11-19 04:18:44', '::1', 1),
(164, 'add data crud', '2018-11-19 04:19:19', '::1', 1),
(165, 'add data crud', '2018-11-19 04:22:37', '::1', 1),
(166, 'add data crud', '2018-11-19 04:24:19', '::1', 1),
(167, 'update data crudfield', '2018-11-19 07:20:09', '::1', 1),
(168, 'add data crud', '2018-11-19 07:24:35', '::1', 1),
(169, 'add data crudfield', '2018-11-19 07:43:22', '::1', 1),
(170, 'add data crud', '2018-11-19 07:44:06', '::1', 1),
(171, 'add data crud', '2018-11-19 07:52:43', '::1', 1),
(172, 'update data crudfield', '2018-11-21 04:32:16', '::1', 1),
(173, 'update data crudfield', '2018-11-21 04:34:46', '::1', 1),
(174, 'update data crudfield', '2018-11-21 04:53:47', '::1', 1),
(175, 'update data crudfield', '2018-11-21 04:54:47', '::1', 1),
(176, 'update data crudfield', '2018-11-21 04:56:02', '::1', 1),
(177, 'add data crud', '2018-11-21 04:56:45', '::1', 1),
(178, 'update data crud', '2018-11-21 04:56:54', '::1', 1),
(179, 'update data crud', '2018-11-21 04:57:10', '::1', 1),
(180, 'update data crud', '2018-11-21 04:57:16', '::1', 1),
(181, 'add data crud', '2018-11-21 04:57:46', '::1', 1),
(182, 'update data crud', '2018-11-21 04:58:57', '::1', 1),
(183, 'update data crud', '2018-11-21 04:59:34', '::1', 1),
(184, 'add data crud', '2018-11-21 05:03:36', '::1', 1),
(185, 'update data crud', '2018-11-21 05:05:01', '::1', 1),
(186, 'update data crud', '2018-11-21 05:05:54', '::1', 1),
(187, 'update data crud', '2018-11-21 05:06:08', '::1', 1),
(188, 'add data menu', '2018-11-21 05:26:46', '::1', 1),
(189, 'update data menu', '2018-11-21 05:33:10', '::1', 1),
(190, 'add data menu', '2018-11-22 02:33:28', '::1', 1),
(191, 'add data menu', '2018-11-22 07:35:10', '::1', 1),
(192, 'update data menu', '2018-11-22 07:35:19', '::1', 1),
(193, 'add data menu', '2018-11-22 08:36:53', '::1', 1),
(194, 'update data menu', '2018-11-22 09:12:26', '::1', 1),
(195, 'add data menu', '2018-11-22 09:19:49', '::1', 1),
(196, 'add data menu', '2018-11-22 09:20:16', '::1', 1),
(197, 'add data crud', '2018-11-23 05:52:03', '::1', 1),
(198, 'add data crud', '2018-11-26 03:26:05', '::1', 1),
(199, 'add data crudfield', '2018-11-26 03:27:06', '::1', 1),
(200, 'add data crudfield', '2018-11-26 03:39:18', '::1', 1),
(201, 'add data crudfield', '2018-11-26 03:45:28', '::1', 1),
(202, 'update data crud', '2018-11-26 03:54:50', '::1', 1),
(203, 'add data crudfield', '2018-11-26 05:22:27', '::1', 1),
(204, 'update data crudfield', '2018-11-26 05:22:38', '::1', 1),
(205, 'add data menu', '2018-11-26 05:36:14', '::1', 1),
(206, 'update data menu', '2018-11-26 06:32:59', '::1', 1),
(207, 'update data menu', '2018-11-26 06:33:21', '::1', 1),
(208, 'update data menu', '2018-11-26 06:33:35', '::1', 1),
(209, 'update data menu', '2018-11-26 06:39:07', '::1', 1),
(210, 'update data crud', '2018-11-27 04:42:15', '::1', 1),
(211, 'update data crud', '2018-11-27 04:42:23', '::1', 1),
(212, 'update data crud', '2018-11-27 04:43:19', '::1', 1),
(213, 'update data crud', '2018-11-27 04:56:24', '::1', 1),
(214, 'update data crud', '2018-11-27 05:12:10', '::1', 1),
(215, 'update data crud', '2018-11-27 05:12:57', '::1', 1),
(216, 'update data crud', '2018-11-27 05:48:49', '::1', 1),
(217, 'update data crud', '2018-11-27 05:49:06', '::1', 1),
(218, 'add data menu', '2018-11-27 06:20:58', '::1', 1),
(219, 'update data menu', '2018-11-27 06:21:05', '::1', 1),
(220, 'update data menu', '2018-11-27 06:24:11', '::1', 1),
(221, 'update data menu', '2018-11-27 06:29:58', '::1', 1),
(222, 'update data menu', '2018-11-27 06:31:33', '::1', 1),
(223, 'add data menu', '2018-11-27 08:21:54', '::1', 1),
(224, 'update data menu', '2018-11-27 08:23:27', '::1', 1),
(225, 'add data menu', '2018-11-27 08:25:47', '::1', 1),
(226, 'add data crudfield', '2018-11-27 08:26:45', '::1', 1),
(227, 'update data crudfield', '2018-11-27 08:26:51', '::1', 1),
(228, 'update data crudfield', '2018-11-27 08:30:20', '::1', 1),
(229, 'add data user', '2018-11-30 03:52:01', '::1', 1),
(230, 'update data user', '2018-11-30 03:54:39', '::1', 1),
(231, 'add data crud', '2018-11-30 04:20:05', '::1', 1),
(232, 'add data group', '2018-11-30 04:32:43', '::1', 1),
(233, 'update data group', '2018-11-30 04:33:32', '::1', 1),
(234, 'update data group', '2018-11-30 04:33:45', '::1', 1),
(235, 'update data group', '2018-11-30 08:03:05', '::1', 1),
(236, 'add data group', '2018-11-30 08:04:23', '::1', 1),
(237, 'add data crud', '2018-11-30 08:11:23', '::1', 1),
(238, 'add data group', '2018-11-30 10:10:06', '::1', 1),
(239, 'add data menu', '2018-11-30 10:10:19', '::1', 1),
(240, 'update data user', '2018-12-01 00:39:57', '::1', 1),
(241, 'add data user', '2018-12-01 00:46:52', '::1', 1),
(242, 'update data user', '2018-12-01 00:57:38', '::1', 1),
(243, 'update data user', '2018-12-01 00:57:51', '::1', 1),
(244, 'add data user', '2018-12-01 01:05:47', '::1', 1),
(245, 'add data group', '2018-12-01 06:14:49', '::1', 1),
(246, 'add data menu', '2018-12-01 06:15:05', '::1', 1),
(247, 'add data crud', '2018-12-02 07:23:33', '::1', 1),
(248, 'add data userprofile', '2018-12-03 06:34:28', '::1', 1),
(249, 'add data menu', '2018-12-03 06:44:05', '::1', 1),
(250, 'add data menu', '2018-12-03 06:44:31', '::1', 1),
(251, 'update data menu', '2018-12-04 04:23:45', '::1', 1),
(252, 'update password user', '2018-12-05 03:36:43', '::1', 1),
(253, 'add data user', '2019-01-02 12:43:06', '::1', 1),
(254, 'update data user', '2019-01-02 12:52:56', '::1', 1),
(255, 'update password user', '2019-01-02 13:19:35', '::1', 1),
(256, 'add data group', '2019-01-02 13:36:34', '::1', 1),
(257, 'update data group', '2019-01-02 13:45:16', '::1', 1),
(258, 'update data menu', '2019-01-03 03:36:43', '::1', 1),
(259, 'update data menu', '2019-01-03 03:37:02', '::1', 1),
(260, 'update data group', '2019-01-03 03:38:05', '::1', 1),
(261, 'update data menu', '2019-01-03 03:39:21', '::1', 1),
(262, 'add data menu', '2019-01-03 03:48:04', '::1', 1),
(263, 'update data menu', '2019-01-03 03:48:17', '::1', 1),
(264, 'update data menu', '2019-01-03 03:56:12', '::1', 1),
(265, 'update data menu', '2019-01-03 03:59:32', '::1', 1),
(266, 'update data menu', '2019-01-03 03:59:40', '::1', 1),
(267, 'add data crud', '2019-01-03 04:14:42', '::1', 1),
(268, 'add data menugroup', '2019-01-03 04:19:18', '::1', 1),
(269, 'update data menugroup', '2019-01-03 04:19:36', '::1', 1),
(270, 'add data menugroup', '2019-01-03 04:19:51', '::1', 1),
(271, 'add data crud', '2019-01-03 04:59:03', '::1', 1),
(272, 'add data group', '2019-01-07 02:14:27', '::1', 1),
(273, 'add data group', '2019-01-07 02:15:01', '::1', 1),
(274, 'add data group', '2019-01-07 03:40:22', '::1', 1),
(275, 'update data group', '2019-01-07 04:18:20', '::1', 1),
(276, 'update data group', '2019-01-07 04:24:02', '::1', 1),
(277, 'update data group', '2019-01-07 04:25:40', '::1', 1),
(278, 'update data group', '2019-01-07 04:30:22', '::1', 1),
(279, 'update data group', '2019-01-07 04:32:30', '::1', 1),
(280, 'update data group', '2019-01-07 04:33:34', '::1', 1),
(281, 'add data group', '2019-01-07 04:48:54', '::1', 1),
(282, 'add data menu', '2019-01-07 05:06:43', '::1', 1),
(283, 'add data menu', '2019-01-07 05:09:46', '::1', 1),
(284, 'add data group', '2019-01-07 05:23:13', '::1', 1),
(285, 'add data group', '2019-01-07 05:23:21', '::1', 1),
(286, 'update data group', '2019-01-07 10:05:27', '::1', 1),
(287, 'update data group', '2019-01-07 10:06:53', '::1', 1),
(288, 'update data group', '2019-01-07 10:09:02', '::1', 1),
(289, 'update data group', '2019-01-07 10:09:15', '::1', 1),
(290, 'update data group', '2019-01-07 10:09:30', '::1', 1),
(291, 'update data group', '2019-01-07 10:09:30', '::1', 1),
(292, 'update data group', '2019-01-07 10:40:03', '::1', 1),
(293, 'update data group', '2019-01-07 10:40:43', '::1', 1),
(294, 'add data group', '2019-01-07 10:41:26', '::1', 1),
(295, 'update data group', '2019-01-07 11:03:44', '::1', 1),
(296, 'update data group', '2019-01-07 11:11:01', '::1', 1),
(297, 'update data group', '2019-01-07 11:19:13', '::1', 1),
(298, 'update data group', '2019-01-07 11:19:22', '::1', 1),
(299, 'update data group', '2019-01-07 11:19:22', '::1', 1),
(300, 'update data group', '2019-01-07 11:19:32', '::1', 1),
(301, 'update data group', '2019-01-07 11:20:06', '::1', 1),
(302, 'update data group', '2019-01-07 11:20:18', '::1', 1),
(303, 'update data group', '2019-01-07 11:23:08', '::1', 1),
(304, 'update data group', '2019-01-07 11:23:23', '::1', 1),
(305, 'update data group', '2019-01-07 11:23:35', '::1', 1),
(306, 'update data group', '2019-01-07 11:23:43', '::1', 1),
(307, 'add data group', '2019-01-07 11:39:30', '::1', 1),
(308, 'update data group', '2019-01-07 11:39:39', '::1', 1);

-- --------------------------------------------------------

--
-- Table structure for table `table_login_attempts`
--

CREATE TABLE `table_login_attempts` (
  `id` int(11) UNSIGNED NOT NULL,
  `ip_address` varchar(45) NOT NULL,
  `login` varchar(100) NOT NULL,
  `time` int(11) UNSIGNED DEFAULT NULL
) ENGINE=InnoDB DEFAULT CHARSET=utf8;

-- --------------------------------------------------------

--
-- Table structure for table `table_menus`
--

CREATE TABLE `table_menus` (
  `id` int(11) UNSIGNED NOT NULL,
  `menu_id` int(10) UNSIGNED NOT NULL,
  `name` varchar(100) NOT NULL,
  `link` varchar(50) NOT NULL,
  `list_id` varchar(200) NOT NULL,
  `icon` varchar(50) NOT NULL,
  `status` tinyint(1) NOT NULL,
  `position` tinyint(4) NOT NULL,
  `description` text NOT NULL
) ENGINE=InnoDB DEFAULT CHARSET=latin1;

--
-- Dumping data for table `table_menus`
--

INSERT INTO `table_menus` (`id`, `menu_id`, `name`, `link`, `list_id`, `icon`, `status`, `position`, `description`) VALUES
(21, 1, 'Beranda', 'admin/', 'home_index', 'home', 1, 1, '-'),
(23, 1, 'Group', 'admin/group', 'group_index', 'users', 1, 1, '-'),
(24, 1, 'Setting', 'admin/setting', 'admin_setting', 'cogs', 1, 1, '-'),
(25, 24, 'Menu', 'admin/menus', 'menus_index', 'th-large', 1, 1, '-'),
(31, 1, 'User', 'admin/user_management', 'user_management_index', 'user', 1, 1, '-'),
(32, 2, 'Ulangan', 'guru/ulangan', 'guru_ulangan', 'tasks', 1, 2, '-'),
(33, 32, 'Ulangan', 'guru/ulangan', 'ulangan_index', 'file-signature', 1, 1, '-'),
(35, 32, 'Bank Soal', 'guru/bank_soal', 'bank_soal_index', 'th', 1, 1, '-'),
(36, 2, 'Analisa', 'guru/analisa', 'guru_analisa', 'diagnoses', 1, 2, '-'),
(37, 36, 'Hasil Ulangan', 'guru/hasil_ulangan', 'hasil_ulangan_index', 'clipboard-check', 1, 1, '-'),
(38, 36, 'Siswa', 'guru/siswa', 'siswa_index', 'user-graduate', 1, 1, '-'),
(40, 2, 'Beranda', 'user/home', 'home_index', 'home', 1, 1, '-'),
(41, 2, 'Kelas', 'guru/akademik', 'guru_akademik', 'chalkboard-teacher', 1, 1, '-'),
(42, 41, 'Kelas', 'guru/akademik/class', 'akademik_class', 'door-closed', 1, 1, '-'),
(43, 41, 'Mata Pelajaran', 'guru/courses', 'courses_index', 'book', 1, 1, '-');

-- --------------------------------------------------------

--
-- Table structure for table `table_users`
--

CREATE TABLE `table_users` (
  `id` bigint(20) UNSIGNED NOT NULL,
  `group_id` mediumint(8) UNSIGNED NOT NULL,
  `ip_address` varchar(45) NOT NULL,
  `username` varchar(100) DEFAULT NULL,
  `password` varchar(255) NOT NULL,
  `email` varchar(254) NOT NULL,
  `activation_selector` varchar(255) DEFAULT NULL,
  `activation_code` varchar(255) DEFAULT NULL,
  `forgotten_password_selector` varchar(255) DEFAULT NULL,
  `forgotten_password_code` varchar(255) DEFAULT NULL,
  `forgotten_password_time` int(11) UNSIGNED DEFAULT NULL,
  `remember_selector` varchar(255) DEFAULT NULL,
  `remember_code` varchar(255) DEFAULT NULL,
  `created_on` int(11) UNSIGNED NOT NULL,
  `last_login` int(11) UNSIGNED DEFAULT NULL,
  `active` tinyint(1) UNSIGNED DEFAULT NULL,
  `first_name` varchar(50) DEFAULT NULL,
  `last_name` varchar(50) DEFAULT NULL,
  `phone` varchar(20) DEFAULT NULL,
  `image` text NOT NULL
) ENGINE=InnoDB DEFAULT CHARSET=utf8;

--
-- Dumping data for table `table_users`
--

INSERT INTO `table_users` (`id`, `group_id`, `ip_address`, `username`, `password`, `email`, `activation_selector`, `activation_code`, `forgotten_password_selector`, `forgotten_password_code`, `forgotten_password_time`, `remember_selector`, `remember_code`, `created_on`, `last_login`, `active`, `first_name`, `last_name`, `phone`, `image`) VALUES
(1, 1, '127.0.0.1', 'admin@admin.com', '$2y$10$CquJ/t1YiAugcfD3gHyGDOIp/gJUOcqjXTXedjSJash9TYG.EQCmG', 'admin@admin.com', NULL, '', NULL, NULL, NULL, NULL, NULL, 1268889823, 1569593970, 1, 'Admin', 'istrator', '081342989185', 'USER_1_1557479031.jpg'),
(2, 2, '::1', 'alan@gmail.com', '$2y$10$Kf7meZw9Pee/EIdtjjroL.Txatx8wUUGqO1ChoXtjTuq7DWXePJ8O', 'alan@gmail.com', NULL, NULL, NULL, NULL, NULL, NULL, NULL, 1563601662, 1563601678, 1, 'alan', 'hetfield', '081342989185', ''),
(4, 3, '::1', 'zidni@gmail.com', '$2y$10$o0u4pmJ1gp9O0Or6XAFO5OYBHX/YuuyTncDKMDN3DsjSSjHwYh/Ne', 'zidni@gmail.com', NULL, NULL, NULL, NULL, NULL, NULL, NULL, 1567955283, 1569864795, 1, 'Al', 'Zidni', '081232578168', ''),
(5, 2, '::1', 'guru@gmail.com', '$2y$10$ytAoLNCXeopgyAT1PZoGre4QuJc4F9wI4Msx982rgIERg.uRxGNpK', 'guru@gmail.com', NULL, NULL, NULL, NULL, NULL, NULL, NULL, 1567955413, 1569722616, 1, 'Al', 'Zidni', '081234567890', 'USER_5_1569594459.png'),
(7, 3, '::1', 'alzidni@gmail.com', '$2y$10$NsEYLKhWSEvZVtb/B.0x..m/pWr6UTgUcHMxqGqJ2U1.D8x6IL5Ma', 'alzidni@gmail.com', NULL, NULL, NULL, NULL, NULL, NULL, NULL, 1568986202, 1568986217, 1, 'Al', 'Zidni', '081232578168', ''),
(8, 2, '::1', 'emailguru@gmail.com', '$2y$10$EqzS7ApKd4VkCIROn9i2vOrtgSvJ2TW6GKhbHxoxEnOPBDEIKijyS', 'emailguru@gmail.com', NULL, NULL, NULL, NULL, NULL, NULL, NULL, 1568986284, 1568986321, 1, 'ini', 'guru', '081234567890', ''),
(9, 2, '192.168.1.91', 'man@gmail.com', '$2y$10$jJq.LUL/1wu82MmCEdwOlelgE4H1kORF/OaBQV1UVDLSD/sqcR08q', 'man@gmail.com', NULL, NULL, NULL, NULL, NULL, NULL, NULL, 1569238390, NULL, 1, 'Guru', 'MAN', '081232578168', ''),
(10, 3, '192.168.1.82', 'iyan@gmail.com', '$2y$10$5qaB0YhxZ3HyR9KGKRJ2peSwVGkP3vnYeTjwZcLZaw4t7iDeygBPy', 'iyan@gmail.com', NULL, NULL, NULL, NULL, NULL, NULL, NULL, 1569249655, 1569249662, 1, 'Iyan', 'Saputra', '082346357644', ''),
(11, 3, '180.252.14.154', 'danil@gmail.com', '$2y$10$cpgwpIgTUx7rIaI9up909echjdBp7gdgK7.VF.OkshBFOcj0Y87T2', 'danil@gmail.com', NULL, NULL, NULL, NULL, NULL, NULL, NULL, 1569255306, 1569255313, 1, 'muhammad', 'danil', '081234567890', ''),
(12, 3, '140.213.56.126', 'xagu.bakar@gmail.com', '$2y$10$ed6cGSKPh1vW/wXCYAbH7ukx8SRRvz3GNgh1YZdDsczZzwNIsQKnq', 'xagu.bakar@gmail.com', NULL, NULL, NULL, NULL, NULL, NULL, NULL, 1569282364, NULL, 1, 'xagu', 'bakar', '085242325686', ''),
(13, 3, '140.213.56.126', 'musdalifahnurung@gmail.com', '$2y$10$NvhVObaxy0EBlrt3XcpgfejA2Twb5UNCqhGmsTi0/3bROyu41XAM2', 'musdalifahnurung@gmail.com', NULL, NULL, NULL, NULL, NULL, NULL, NULL, 1569282369, 1569282439, 1, 'andy', 'rajab', '082290964429', ''),
(14, 3, '36.79.136.148', 'ajiwulan1212@gmail.com', '$2y$10$wkGFJ3gxSUJpRLhF.CE3juR3LvZDzt9KZynKREI/rNtCmw4x64IcO', 'ajiwulan1212@gmail.com', NULL, NULL, NULL, NULL, NULL, NULL, NULL, 1569282375, 1569283465, 1, 'AJI WULANDARI', 'WULAN', '085757732656', ''),
(15, 3, '112.215.242.155', 'shifabalqis22@gmail.com', '$2y$10$qxHmy.EWiXd967dz6ab.6OOewdvfOmgRg0cUN3rblV3OL60mb19dm', 'shifabalqis22@gmail.com', NULL, NULL, NULL, NULL, NULL, NULL, NULL, 1569282380, 1569282408, 1, 'shifa', 'chairunnisah balqis', '085234821779', ''),
(16, 3, '140.213.56.126', 'sinonggigoreng@gmail.com', '$2y$10$xQKtiufaz7AwtwoTV5CcxOuuB8Ai4FNEsa2.Frf6CebhCZ64v13Sa', 'sinonggigoreng@gmail.com', NULL, NULL, NULL, NULL, NULL, NULL, NULL, 1569282390, 1569282417, 1, 'sinonggi', 'goreng', '081260636767', ''),
(17, 3, '140.213.56.12', 'oktamaiya54@gmail.com', '$2y$10$iwKNk7KeVQ5ndxSlUlFkj.Eo3FEqo9D8ktc9eUv8ePDGy2dDCEUsq', 'oktamaiya54@gmail.com', NULL, NULL, NULL, NULL, NULL, NULL, NULL, 1569282402, 1569282535, 1, 'okta', 'maiya', '083149461861', ''),
(18, 3, '36.79.136.148', 'fathimahqs@gmail.com', '$2y$10$v8f1/qPol3mo4lLrwtjYwO/gr0txoHh.noeJ4u3YV3blVHS9t.oHC', 'fathimahqs@gmail.com', NULL, NULL, NULL, NULL, NULL, NULL, NULL, 1569282421, 1569282449, 1, 'FATHIMAH', 'KALIMASADA', '087789015131', ''),
(19, 3, '36.79.136.148', 'hibatillahaira@gmail.com', '$2y$10$lNEy7W7u1DZ30X5X8teOhuxG4moVXlcoIQD3wy0eHc3z9rtpvcgja', 'hibatillahaira@gmail.com', NULL, NULL, NULL, NULL, NULL, NULL, NULL, 1569282422, 1569282445, 1, 'Khumaira', 'Yusuf', '082251787138', ''),
(20, 3, '114.125.184.164', 'nazwahilmi05@gmail.com', '$2y$10$kpWhKMgYtdgYCa7Mp7cJ3eTw5HCx9Jv/zwTpnfT6RRmnvMVBpcYXm', 'nazwahilmi05@gmail.com', NULL, NULL, NULL, NULL, NULL, NULL, NULL, 1569282424, 1569282455, 1, 'Nazwah', 'Ilmi', '081343732757', ''),
(21, 3, '140.213.56.126', 'xagu.bakar123@gmail.com', '$2y$10$LOa48XacTm0GLQYyPBFc7uPjXKhqjtaok7O/pi/3XqQfY02v9/f3K', 'xagu.bakar123@gmail.com', NULL, NULL, NULL, NULL, NULL, NULL, NULL, 1569282424, 1569282466, 1, 'xagu', 'bakar', '085242325686', ''),
(22, 3, '36.79.136.148', 'iskaasb26@gmail.com', '$2y$10$8us7RctX9Jv7M1XZVYubsuCDkIUF0oeNEJL.QqeJa3bL/tcWSDCGy', 'iskaasb26@gmail.com', NULL, NULL, NULL, NULL, NULL, NULL, NULL, 1569282448, 1569282473, 1, 'rizka amelia', 'alwi', '085341612270', ''),
(23, 3, '36.79.136.148', 'ghaidazalsabila01@gmail.com', '$2y$10$fRT7EX.G9VOjj2FmRrbjs.8eTlRjr6cH58.0u9aWzbv7W6TIRHvCm', 'ghaidazalsabila01@gmail.com', NULL, NULL, NULL, NULL, NULL, NULL, NULL, 1569282458, 1569282622, 1, 'Ghaida', 'Zalsabila', '085244081421', ''),
(25, 3, '36.79.136.148', 'ziyadilmann@gmail.com', '$2y$10$KM7XUeP587bL6fACm1AaXObemyypcw.j5A2diteSECI7TZB5ReN/6', 'ziyadilmann@gmail.com', NULL, NULL, NULL, NULL, NULL, NULL, NULL, 1569282478, 1569282492, 1, 'ziyad', 'ilman', '082273875369', ''),
(26, 3, '36.79.136.148', 'kutangboke@gmail.com', '$2y$10$lHSfd0l2GVgHp84yortmbOBnhWHFypCUYV9TLL3H1DgZd8l3Dd6M2', 'kutangboke@gmail.com', NULL, NULL, NULL, NULL, NULL, NULL, NULL, 1569282496, 1569282570, 1, 'musdalipa', 'ipa', '082348644842', ''),
(27, 3, '36.79.136.148', 'kdiwaha@gmail.com', '$2y$10$6iqQYKSohywbI9/JSaMouuWmaSvYw4v1ZaV0.RghR8h7Dikc3XKDC', 'kdiwaha@gmail.com', NULL, NULL, NULL, NULL, NULL, NULL, NULL, 1569282510, 1569282552, 1, 'WAHYU', 'DIN', '085213444359', ''),
(28, 3, '36.79.136.148', 'ecce1409@gmail.com', '$2y$10$5DOeWyV6mZNr9S0hW9EoXO3XAe8DVRil59hq5Ux6jiT18r20OqYR.', 'ecce1409@gmail.com', NULL, NULL, NULL, NULL, NULL, NULL, NULL, 1569282556, 1569283617, 1, 'NUR AISYAH', 'Aisyah', '082398182919', ''),
(29, 3, '36.79.136.148', 'fauzan@gmail.com', '$2y$10$q1y3yUmt3LVY2h1mKtovMumbhFDWWEcrQBqXcKmWd2kVtX2al1I0u', 'fauzan@gmail.com', NULL, NULL, NULL, NULL, NULL, NULL, NULL, 1569282565, 1569282604, 1, 'muh', 'fauzan', '082291898423', ''),
(30, 3, '36.79.136.148', 'pmudmainnah732@gmail.com', '$2y$10$chOU7cXH0pUppObwgNz7ve0sBNFpkjl3yNNvRQlnZRmiKRJozIyLC', 'pmudmainnah732@gmail.com', NULL, NULL, NULL, NULL, NULL, NULL, NULL, 1569282613, 1569282669, 1, 'putri', 'mudmainnah', '085299332206', ''),
(31, 3, '36.79.136.148', 'genturariseto@gmail.com', '$2y$10$uWqddL.iVgxAi/2o9feO8uM8x6pu1b3wd.zfC0uANOQ/KF1garq4O', 'genturariseto@gmail.com', NULL, NULL, NULL, NULL, NULL, NULL, NULL, 1569282616, 1569287467, 1, 'gentur', 'ari seto', '085211118656', ''),
(32, 3, '112.215.244.220', 'alwiahaulia60@gmail.com', '$2y$10$e.wRKJjNsvFLZC1IIjqQguUF/5QjRSE3HBZXthJ5Z/d.d78wca96.', 'alwiahaulia60@gmail.com', NULL, NULL, NULL, NULL, NULL, NULL, NULL, 1569282630, 1569282671, 1, 'ALWIAH NUR', 'AULIA', '082292261354', ''),
(33, 3, '36.79.136.148', 'salsainoyy64@gmail.com', '$2y$10$GJJaYnfrnFBvdhP80fhIt.KGH0/a8C.ZZ/l3wQOcnULEgPtSMmPr6', 'salsainoyy64@gmail.com', NULL, NULL, NULL, NULL, NULL, NULL, NULL, 1569282660, 1569282706, 1, 'Eno salsa Gayatri', 'Salsa', '085932817890', ''),
(34, 3, '36.79.136.148', 'hikmah.1september01@gmail.com', '$2y$10$Ln0oOwc4ZV4AqdVOWHn2HewirlCs2D2QqWWcq.xVXX3SuBCmB76Dm', 'hikmah.1september01@gmail.com', NULL, NULL, NULL, NULL, NULL, NULL, NULL, 1569282663, 1569282694, 1, 'nur', 'hikmah', '082197996616', ''),
(35, 3, '36.79.136.148', 'ainlyknbasri@gimail.com', '$2y$10$Ff00cwGnS7D/pQ9.hDgAION4q.43pMk15cJ3QIrcHQC77N63i/mC.', 'ainlyknbasri@gimail.com', NULL, NULL, NULL, NULL, NULL, NULL, NULL, 1569282712, NULL, 1, 'Ainul', 'Yakin', '081355593879', ''),
(36, 3, '112.215.244.220', 'jamrahuljelina@gmail.com', '$2y$10$Jlrtt21lY8fGsFIYttTfr.uML6yRY0w.aEUPDJSwbMS2lP97RInne', 'jamrahuljelina@gmail.com', NULL, NULL, NULL, NULL, NULL, NULL, NULL, 1569282724, 1569282755, 1, 'jamrahul', 'jelina', '082393168173', ''),
(37, 3, '36.79.136.148', 'hannajuney@gmail.com', '$2y$10$X0COaDyzq8oYFwbJbGljturnQptkk4LHGbCpeozupqFEXq0FDuMF.', 'hannajuney@gmail.com', NULL, NULL, NULL, NULL, NULL, NULL, NULL, 1569282753, 1569282814, 1, 'HANNA APRILIA', 'MIFTAHUL JANNAH', '085298011091', ''),
(38, 3, '36.79.136.148', 'lthfiyyah12@gmail.com', '$2y$10$p0aPX6ofvvSRMmNz8viVKuGsfCvkgPfbzWz1UouLqIpXOsSh9zqvm', 'lthfiyyah12@gmail.com', NULL, NULL, NULL, NULL, NULL, NULL, NULL, 1569282798, 1569282825, 1, 'luthfiyyah', 'ali asgar', '085399976355', ''),
(39, 3, '36.79.136.148', 'ainlyknbasri@gmail.com', '$2y$10$SJhY499lyppKrIfJbhZXMurpucE87N6cmP0.FGL1LPpyVD/CtSP9a', 'ainlyknbasri@gmail.com', NULL, NULL, NULL, NULL, NULL, NULL, NULL, 1569282849, NULL, 1, 'Ainul', 'Yakin', '081355593879', ''),
(40, 3, '36.79.136.148', 'ainulyknbasri@gmail.com', '$2y$10$W5847DDJUWdg3vEcCeHnROmOrq/.5Vqxx1atp/UbqEoLS9qHKM6Qe', 'ainulyknbasri@gmail.com', NULL, NULL, NULL, NULL, NULL, NULL, NULL, 1569282904, NULL, 1, 'Ainul', 'Yakin', '081355593879', ''),
(41, 3, '36.79.136.148', 'ainul@gmail.com', '$2y$10$GXu2/Sltf///VPfKyp6QDuCTKZePEXvYW0S79Am9zNeMFtbSCQzxy', 'ainul@gmail.com', NULL, NULL, NULL, NULL, NULL, NULL, NULL, 1569283043, 1569283062, 1, 'Ainul', 'Yakin', '081355593879', ''),
(42, 3, '114.125.167.151', 'angeltryrahmadani@gmail.com', '$2y$10$bozWIDWf.YQcbo1hsXWNI.obIp9wkEUtEIII9D0DOTIK57r5..vpq', 'angeltryrahmadani@gmail.com', NULL, NULL, NULL, NULL, NULL, NULL, NULL, 1569283898, 1569283993, 1, 'angel', 'tri', '087771562902', ''),
(43, 3, '180.251.168.14', 'amirulfauzi0101@gmail.com', '$2y$10$bArOs9x2oxsY14oPUj/XsuPTKwbECwNIW5xq/p1yXOna70PMcH4u.', 'amirulfauzi0101@gmail.com', NULL, NULL, NULL, NULL, NULL, NULL, NULL, 1569284080, NULL, 1, 'Amirul', 'Fauzi', '081342335127', ''),
(44, 3, '180.251.168.14', 'fadryreder@gmail.com', '$2y$10$mG3AvoVJWFstqLZh2IY89edHr2ODw9FPV5WFCg9vmsZ5WT0xy/MtG', 'fadryreder@gmail.com', NULL, NULL, NULL, NULL, NULL, NULL, NULL, 1569284102, 1569284186, 1, 'M. Husni', 'Tamrin', '081244355380', ''),
(45, 3, '180.251.168.14', 'muhilhamsyah@gmail.com', '$2y$10$H4wDs/rVJQJ9vPgeezhUTOTH0BNVM.PJL8GZ13tSrB.EQNnqkqF8W', 'muhilhamsyah@gmail.com', NULL, NULL, NULL, NULL, NULL, NULL, NULL, 1569284174, 1569284230, 1, 'muhilhamsyah', 'ilham', '085245678912', ''),
(46, 3, '114.125.167.151', 'amirul@gmail.com', '$2y$10$stNuPahZ9a/10lxVIAYie.PK9HKBNGqeewFjrs9t8geYxBktWlJMe', 'amirul@gmail.com', NULL, NULL, NULL, NULL, NULL, NULL, NULL, 1569284352, 1569284390, 1, 'Amirul', 'Fauzi', '081342335127', ''),
(47, 3, '140.213.56.12', 'nentaleanurqadah@gmail.com', '$2y$10$e/cFZqvRLlk/T9SVhk6z2OPUEsPEFzS/UP96ngHt8N.EfDTDgVMkW', 'nentaleanurqadah@gmail.com', NULL, NULL, NULL, NULL, NULL, NULL, NULL, 1569284494, 1569284527, 1, 'NENTALEA NUR QADAH', 'NENTALEA', '085240481409', ''),
(48, 3, '180.251.168.14', 'ffgaming@gmail.com', '$2y$10$uXY3RgIKBoilt3.ndj7ih.KOKZXnc3seh/js3t8vQRhR6MXvimBIW', 'ffgaming@gmail.com', NULL, NULL, NULL, NULL, NULL, NULL, NULL, 1569284697, 1569284745, 1, 'ichwanul', 'muslim', '', ''),
(49, 3, '140.213.56.126', 'orzfirman011@gmail.com', '$2y$10$StMAoiNOKSp9mwYjOzY6QeDIriKucqAPk17UjHyTAho9Qr4iRg51O', 'orzfirman011@gmail.com', NULL, NULL, NULL, NULL, NULL, NULL, NULL, 1569285137, 1569285218, 1, 'khairul', 'ikhwan', '081245323746', ''),
(50, 3, '180.251.168.14', '13579@gmail.com', '$2y$10$ymCKoQVXt.xhb5lPP62Hcu6gP1.tdf4J3ij4761WbZ8eV1Svje79u', '13579@gmail.com', NULL, NULL, NULL, NULL, NULL, NULL, NULL, 1569285431, 1569285556, 1, 'sahril', 'sahrilll', '085823456789', ''),
(51, 3, '180.251.168.14', '2468@gmail.com', '$2y$10$3tx.xeVoasj2Bm5dhK7oNO3geJ1QidGeaAPImPdjoHFCyCblFpucS', '2468@gmail.com', NULL, NULL, NULL, NULL, NULL, NULL, NULL, 1569285624, 1569285638, 1, 'sahril', 'sah', '123456789', ''),
(52, 3, '182.1.160.15', 'aqzatrianandahat@gmail.com', '$2y$10$/33RMYRT5KRhiEqw6BDbSu6dfVTHQfGVF1tWDd2QtY2nRzEjghbTS', 'aqzatrianandahat@gmail.com', NULL, NULL, NULL, NULL, NULL, NULL, NULL, 1569286932, 1569291131, 1, 'Aqza Tri', 'Ananda HAT', '085299687630', ''),
(53, 3, '36.75.142.73', 'akbar11abar03@gmail.com', '$2y$10$75Tr9oTSzaReLVJukGNuG.FBQGezkeXPgHBya4hwm8WMFG8R812XC', 'akbar11abar03@gmail.com', NULL, NULL, NULL, NULL, NULL, NULL, NULL, 1569286940, 1569287165, 1, 'Muhammad', 'Akbar', '081242202310', ''),
(54, 3, '114.125.200.212', 'zubaidillahitmamunnajjah@gmail.com', '$2y$10$P25UlkvOlIAeP52wSr2YB.VI5q8wgwZxw0XG19ZzWjWXWiaamqbse', 'zubaidillahitmamunnajjah@gmail.com', NULL, NULL, NULL, NULL, NULL, NULL, NULL, 1569287029, 1569287074, 1, 'zubaidillah', 'itmamunnajjah', '082193676974', ''),
(55, 3, '114.125.216.16', 'mkaznasani@gmail.com', '$2y$10$6AdhID4KXPBXraWApRXkSO64RZL1f41yra2o3Wu.7T6UvOFmxrZcy', 'mkaznasani@gmail.com', NULL, NULL, NULL, NULL, NULL, NULL, NULL, 1569287066, 1569287098, 1, 'Muhammad', 'Kaznasani', '085210453193', ''),
(56, 3, '180.251.168.14', 'uswatunnisa124@gmail.com', '$2y$10$b../yAwPdO3HTR.GrOE1Qe.UoON7S2xqRPVxrgOCrnjiiTe2CPiPa', 'uswatunnisa124@gmail.com', NULL, NULL, NULL, NULL, NULL, NULL, NULL, 1569287094, NULL, 1, 'Uswatun', 'Nisa', '082325662476', ''),
(57, 3, '182.1.192.153', 'mulkiganteng04@gmail.com', '$2y$10$N4iJkbXqwtA1MI.VTeIK.upMGPqoJ3NaJ4LP5vvD.puTw6gTvadrG', 'mulkiganteng04@gmail.com', NULL, NULL, NULL, NULL, NULL, NULL, NULL, 1569287100, 1569287757, 1, 'sayyed', 'mulki', '081251831920', ''),
(58, 3, '114.125.215.197', 'meilani1522@gmail.com', '$2y$10$rWBdOcwiKwCnTKvMLI0ZSuBD7w4r1lLdxMAreLUBWX0eSYhtdNhIW', 'meilani1522@gmail.com', NULL, NULL, NULL, NULL, NULL, NULL, NULL, 1569287113, 1569287148, 1, 'MELANI', 'SAPUTRI', '085240717021', ''),
(59, 3, '36.75.142.73', 'samsungj24prime@gmail.com', '$2y$10$/ijG51sCJ5fymorBmt6W6eTvphPqXV91G7tGD324pCemWxRXS111G', 'samsungj24prime@gmail.com', NULL, NULL, NULL, NULL, NULL, NULL, NULL, 1569287113, 1569287260, 1, 'ANDI', 'ANUGRAH', '', ''),
(60, 3, '182.1.193.231', 'syifafaizzah16@gmail.com', '$2y$10$V0s3YQdU4GGgY5vgZKgCA.OIrDhcNUG5yBpaibrYuZBM.4OSzmiru', 'syifafaizzah16@gmail.com', NULL, NULL, NULL, NULL, NULL, NULL, NULL, 1569287114, 1569287135, 1, 'syifa faizzah', 'syafmi thahir', '082293262331', ''),
(61, 3, '182.1.187.103', 'alifahtisamasyitah89@gmail.com', '$2y$10$lMsaO5Rm0/7Vu.Gwgmc24uL6Pfjb//7yMicAjY7Lp4Qwc2HNq/XrW', 'alifahtisamasyitah89@gmail.com', NULL, NULL, NULL, NULL, NULL, NULL, NULL, 1569287115, 1569287323, 1, 'Alifah', 'Tisa Masyitah', '08114022152', ''),
(62, 3, '182.1.192.209', 'andinurfanifanifani74209@gmail.com', '$2y$10$Law5VH8GvTiE1N.P5x96UuvPX5UfU99RgKsWnBEw6K6b7PLxxLVde', 'andinurfanifanifani74209@gmail.com', NULL, NULL, NULL, NULL, NULL, NULL, NULL, 1569287115, 1569287184, 1, 'andi nur fani', 'fani', '085396890383', ''),
(63, 3, '114.125.186.113', 'nuursholiha@gmail.com', '$2y$10$DEKkEbriWvSzFw44hzQYTOFezox58F3lUN4Yt9X5ml/OiNSHcDhoe', 'nuursholiha@gmail.com', NULL, NULL, NULL, NULL, NULL, NULL, NULL, 1569287118, 1569287169, 1, 'Nuur', 'Sholiha', '', ''),
(64, 3, '182.1.194.59', 'dyahsekarwangi762@gmail.com', '$2y$10$OihWP6IdONDonCcSf4ioXuiO9.2pJtK3fJ2154Q1tiexEcd3IxvXa', 'dyahsekarwangi762@gmail.com', NULL, NULL, NULL, NULL, NULL, NULL, NULL, 1569287119, 1569287149, 1, 'DYAH SEKAR', 'WANGI', '082325750520', ''),
(65, 3, '36.75.142.73', 'muthiasyaharanii@gmail.com', '$2y$10$QXc.0JiG1CXSWohUZHzxO.8W1bDSFg5hHmqX2GhjYfkCNJVVCTZcm', 'muthiasyaharanii@gmail.com', NULL, NULL, NULL, NULL, NULL, NULL, NULL, 1569287124, 1569287161, 1, 'Muthia', 'Syaharani', '081344150913', ''),
(66, 3, '36.75.142.73', 'mutammimatulhusna@gmail.com', '$2y$10$NHyNC0mLpQIOXeei2f8SAuT3iRiFTrCtyRvPxn5jeHzKlV0F0vUly', 'mutammimatulhusna@gmail.com', NULL, NULL, NULL, NULL, NULL, NULL, NULL, 1569287125, 1569287220, 1, 'Mutammimatul', 'husna', '085242514116', ''),
(67, 3, '36.75.142.73', 'andifazhh@gmail.com', '$2y$10$TEHrqujhlQLw1oIo6SkgJOTCMnFjQNVM0iBqUw7PSKSfkH7pbW0x6', 'andifazhh@gmail.com', NULL, NULL, NULL, NULL, NULL, NULL, NULL, 1569287126, 1569287168, 1, 'andi fauzia', 'makmur', '082395378885', ''),
(68, 3, '114.125.204.117', 'shasanauraa@gmail.com', '$2y$10$24JHO9D4zSVIzzu4OtQhQOh2Bv19mZ2c1UCHAmpwwiBu7LH8m90oG', 'shasanauraa@gmail.com', NULL, NULL, NULL, NULL, NULL, NULL, NULL, 1569287132, 1569287166, 1, 'shasa', 'naura', '085333232018', ''),
(69, 3, '182.1.178.151', 'muhammadindra01@gmail.com', '$2y$10$HZJtpBgPMjVxbXSx3K4Hm.yfLvxwIHtzZ3Gs.VL6FLO5MOCoT4lEq', 'muhammadindra01@gmail.com', NULL, NULL, NULL, NULL, NULL, NULL, NULL, 1569287134, 1569287190, 1, 'Muhammad', 'INDRA', '082294016025', ''),
(70, 3, '182.1.160.191', 'lostkings2345@gmail.com', '$2y$10$IE5RhDm0rViS.hUzBebWlutA//42D9Eqt5e6UjJ28Bed0S6tEwexe', 'lostkings2345@gmail.com', NULL, NULL, NULL, NULL, NULL, NULL, NULL, 1569287138, 1569287281, 1, 'Andi', 'Adil', '085332691824', ''),
(71, 3, '114.125.187.112', 'andinurfina1111@gmail.com', '$2y$10$MWifR.fdk80tfCe3Ar9JfeBemTU.TKx4ZDaOdAlrYoO2DC.YKX1Li', 'andinurfina1111@gmail.com', NULL, NULL, NULL, NULL, NULL, NULL, NULL, 1569287144, 1569287183, 1, 'Andi nur', 'Fina', '082196421572', ''),
(72, 3, '182.1.160.133', 'antho79.uho@gmail.com', '$2y$10$1GmyI/cf54bibwu10ahAH.w5kD70uqkC8nZNYTJbNj.dczC7BQBUm', 'antho79.uho@gmail.com', NULL, NULL, NULL, NULL, NULL, NULL, NULL, 1569287149, NULL, 1, 'Arief rahman', 'wijayanto', '081258968586', ''),
(73, 3, '114.125.199.226', 'jerryadriasnyah2002@gmail.com', '$2y$10$7iD4m6JGwLqQksmVJoCpEOwg4b219byAV2qVjymcSklDIcUYjGH36', 'jerryadriasnyah2002@gmail.com', NULL, NULL, NULL, NULL, NULL, NULL, NULL, 1569287189, 1569287237, 1, 'Jerry', 'Adriansyah', '085211478716', ''),
(74, 3, '36.75.142.73', 'nurfathan11745@gmail.com', '$2y$10$.vZMt59e3MmxzOKFcetKpOhpJ3MDjE/1y/Laye/lvaUVZYTNGeG6e', 'nurfathan11745@gmail.com', NULL, NULL, NULL, NULL, NULL, NULL, NULL, 1569287196, 1569287246, 1, 'Nur', 'Fathan', '', ''),
(75, 3, '112.215.241.3', 'adityarespect27@gmail.com', '$2y$10$3l4aDMDPmd8P2GtFdpWoMOwEJqRDeDypTMqb8qiJJO0iI.NoSqJf2', 'adityarespect27@gmail.com', NULL, NULL, NULL, NULL, NULL, NULL, NULL, 1569287197, 1569287247, 1, 'Amar', 'Aditya', '082346120426', ''),
(76, 3, '36.75.142.73', 'ikramnamaku2000@gmail.com', '$2y$10$EASECKKmu6DjkhiPhSdkGeisWuxZlB/Jia10lC8i2ieUi6pFhpcSe', 'ikramnamaku2000@gmail.com', NULL, NULL, NULL, NULL, NULL, NULL, NULL, 1569287224, 1569287294, 1, 'muhammad', 'ikram', '', ''),
(77, 3, '182.1.176.149', 'muhammadriza170702@gmail.com', '$2y$10$bzN4h4G3myKy3pKw44G3uOAUg.afuEhcPZ.MLRsnZlhWM4sfWwjwO', 'muhammadriza170702@gmail.com', NULL, NULL, NULL, NULL, NULL, NULL, NULL, 1569287266, 1569287308, 1, 'Muhammad', 'Riza', '085212136918', ''),
(78, 3, '180.251.168.14', 'uswatunnisa@gmail.com', '$2y$10$E3sQgf16.E9Z4ns9mvptYuSXn3AbgXyp4k500ZSaaC17FmHp9pbSa', 'uswatunnisa@gmail.com', NULL, NULL, NULL, NULL, NULL, NULL, NULL, 1569287293, 1569287310, 1, 'Uswatun', 'Nisa', '082325662476', ''),
(79, 3, '182.1.161.132', 'ariefrahmanwijayanto25@gmail.com', '$2y$10$5NLu0vAUqoqfOR8sGCmGneRPjh4Bh3Y2LQkX9epbaQZrZRvcBboF.', 'ariefrahmanwijayanto25@gmail.com', NULL, NULL, NULL, NULL, NULL, NULL, NULL, 1569287297, 1569287347, 1, 'Arief rahman', 'wijayanto', '081258968586', ''),
(80, 3, '114.125.215.130', 'jerryadriasnyah@gmail.com', '$2y$10$0e7bgBKhQd.g7hkEYuC87OIHFtHfTcdvej5GEmRaRx1tvxQEhEhu6', 'jerryadriasnyah@gmail.com', NULL, NULL, NULL, NULL, NULL, NULL, NULL, 1569287361, NULL, 1, 'Jerry', 'Adriansyah', '085211478716', ''),
(81, 3, '114.125.183.135', 'priski781@gmail.com', '$2y$10$7JP00og54RBz4KCJC/MsgORKNZsf.WBfC1lWwlqGEise252Zhlncq', 'priski781@gmail.com', NULL, NULL, NULL, NULL, NULL, NULL, NULL, 1569287363, 1569287405, 1, 'PUTRI', 'RISKI', '', ''),
(82, 3, '112.215.241.3', 'adityarespect21@gmail.com', '$2y$10$kZ3Y48krMLltwdKhMFedGO5SFrqvZX8ICTiAXpjNmAq5iDs9w7YKK', 'adityarespect21@gmail.com', NULL, NULL, NULL, NULL, NULL, NULL, NULL, 1569287375, 1569287393, 1, 'Amar', 'Aditya', '082346120426', ''),
(83, 3, '182.1.187.103', 'alifah@gmail.com', '$2y$10$zCdSNn4rRMOb9h4rpWNkieFD5MbXdidnZXhjQ745GxAxXhXQEBdxC', 'alifah@gmail.com', NULL, NULL, NULL, NULL, NULL, NULL, NULL, 1569287391, 1569287415, 1, 'Alifah', 'Tisa Masyitah', '08114022152', ''),
(84, 3, '182.1.197.85', 'rayhansusandi2205@gmail.com', '$2y$10$avseLh1TV7kidPK5sasHQOBRuAGSZ4/sDHN9/66sX9FixwKs/aMG.', 'rayhansusandi2205@gmail.com', NULL, NULL, NULL, NULL, NULL, NULL, NULL, 1569287453, 1569287527, 1, 'rayhan', 'susandi', '', ''),
(85, 3, '114.125.186.138', 'nurulmuzuni@yahoo.com', '$2y$10$IhZcejluAIuGQipN9e.6ceqF/CpO6dVoNqAGNQu2ZsVpDHycwQyAq', 'nurulmuzuni@yahoo.com', NULL, NULL, NULL, NULL, NULL, NULL, NULL, 1569287472, 1569291163, 1, 'Nurul', 'Fitriah', '081244864398', ''),
(86, 3, '114.125.215.130', 'jerryadriansyah@gmail.com', '$2y$10$HE/EmKYaJ2dkkOrM.P5a5epJYUMEhTHQj/w.qzgwqajdtMxEuT0a2', 'jerryadriansyah@gmail.com', NULL, NULL, NULL, NULL, NULL, NULL, NULL, 1569287525, NULL, 1, 'jerry', 'adriansyah', '085211478716', ''),
(87, 3, '114.125.165.112', 'www.andiniriska01@gmail.com', '$2y$10$BjpLFcLzRD0QEHkgkCS5jerPsLc8qOq2Ej3.o5trER7lRlDsj/V5G', 'www.andiniriska01@gmail.com', NULL, NULL, NULL, NULL, NULL, NULL, NULL, 1569287721, NULL, 1, 'andinirisqha', 'nurrahmah', '085251829115', ''),
(88, 3, '114.125.215.130', 'jerryadrian14@gmail.com', '$2y$10$s759oA1ZzaHH3QkUmwqV.uAtOLs9dcSg3vjfVwyW2Jh.VSR.nwTLq', 'jerryadrian14@gmail.com', NULL, NULL, NULL, NULL, NULL, NULL, NULL, 1569287728, 1569287752, 1, 'jerry', 'Adriansyah', '085211478716', ''),
(89, 3, '114.125.165.90', 'andiniriska2101@gmail.com', '$2y$10$R0MX9m/3AXk8TZx8/stHcOgEanhGIUOs0UzwQuVs6gh/vpRNuziSq', 'andiniriska2101@gmail.com', NULL, NULL, NULL, NULL, NULL, NULL, NULL, 1569288114, NULL, 1, 'andini', 'risqha', '085251829115', ''),
(90, 3, '114.125.167.151', 'andiniriska@gmail.com', '$2y$10$JMj4eJwmpK7A9P8Ujg8P/uzCETIDyK/oZpq4Ir4yCLqyFZMJnV4jm', 'andiniriska@gmail.com', NULL, NULL, NULL, NULL, NULL, NULL, NULL, 1569288480, NULL, 1, 'andini', 'riska', '081270377050', ''),
(91, 3, '114.125.171.7', 'andini@gmail.com', '$2y$10$HtfFBE5/DfICtyYt7y6HU.v2cfrPJ/caD83z6uz1PLYefpe5K8e9C', 'andini@gmail.com', NULL, NULL, NULL, NULL, NULL, NULL, NULL, 1569288620, 1569288716, 1, 'andini', 'riska', '081270377050', ''),
(92, 3, '36.75.142.73', 'shafwansidqi@gmail.com', '$2y$10$MscU6pm/RmvUyfngQRDhtO9wPtNvL.vLQ9Rk0L1bBpcmudg1dbvXu', 'shafwansidqi@gmail.com', NULL, NULL, NULL, NULL, NULL, NULL, NULL, 1569288990, 1569289013, 1, 'shafwan', 'muhshafwansidqi', '', ''),
(93, 3, '27.122.12.226', 'iyan12@gmail.com', '$2y$10$im/S7gicCgu8hJWn9tDWzedQ63jBqCe8OzubW8akcJINjAzjhllSy', 'iyan12@gmail.com', NULL, NULL, NULL, NULL, NULL, NULL, NULL, 1569318866, 1569318878, 1, 'iyan', 'saputra', '176312', ''),
(94, 3, '36.79.153.46', 'danil2@gmail.com', '$2y$10$qO.Y6jicVstgAbXE5hkfROWqcvHUcHduxOJ4/KvNWMuhgdMJOAKN.', 'danil2@gmail.com', NULL, NULL, NULL, NULL, NULL, NULL, NULL, 1569365831, 1569383370, 1, 'muhamad', 'danil', '082345678', ''),
(95, 3, '180.244.37.163', 'ciptaalaqqad@gmail.com', '$2y$10$JFVOWWHN7zbrQ8dufJ9keu2mG8fgz1W997FnaNhrahGEkx0enXZEC', 'ciptaalaqqad@gmail.com', NULL, NULL, NULL, NULL, NULL, NULL, NULL, 1569377445, 1569377476, 1, 'muh cipta', 'al aqqad', '', ''),
(96, 3, '180.244.37.163', 'afifredland@gmail.com', '$2y$10$A6z02PsGem6xJQ813UMMZ..cgMxjFxDuTEhf6clkcXDkP9ndh4X4G', 'afifredland@gmail.com', NULL, NULL, NULL, NULL, NULL, NULL, NULL, 1569377533, 1569377559, 1, 'Afif', 'Zakwan', '085215962929', ''),
(97, 3, '182.1.209.79', 'cikalrafikal01@gmail.com', '$2y$10$uzq8T21kPVex5IeuHzU8PuD5ZhFrj5B3457hNe.uk1PcB850XIydu', 'cikalrafikal01@gmail.com', NULL, NULL, NULL, NULL, NULL, NULL, NULL, 1569377607, 1569380521, 1, 'MUH. Yusuf', 'Rafiqal .Z.', '085366015059', ''),
(98, 3, '180.244.37.163', 'bintangganteng@gmail.com', '$2y$10$9wp7N1mAemeqdRlvePmg7OuHkTKa3f1turSQrgFIcY4iEYAYDQqMm', 'bintangganteng@gmail.com', NULL, NULL, NULL, NULL, NULL, NULL, NULL, 1569377619, 1569380755, 1, 'Muh Bintang', 'Nur Putra', '085298705124', ''),
(99, 3, '182.1.194.92', 'rahmatrachmat78@gmail.com', '$2y$10$7iQthulXXkmgtd1L5cn3J.4VUTNPm8kEDMmijUiAac3TBVskjb2ba', 'rahmatrachmat78@gmail.com', NULL, NULL, NULL, NULL, NULL, NULL, NULL, 1569377649, NULL, 1, 'muhammad rachmat maulana', 'rahmat', '085338666209', ''),
(100, 3, '182.1.193.137', 'mckhaulajr@gmail.com', '$2y$10$sbPXf6jvMjtXFYOcIriyZO/2vH9ZKoVkG/iGzqNyFR.IwDY3Nf4Be', 'mckhaulajr@gmail.com', NULL, NULL, NULL, NULL, NULL, NULL, NULL, 1569377697, 1569377779, 1, 'Muhammad', 'Khaula', '082391586358', ''),
(101, 3, '182.1.169.248', 'muhajir26@gmail.com', '$2y$10$zRVhdhZXclmKnB5mKgrfJ.Nnz0IkxWiwIjEITve4Mfnp5xxkipdpW', 'muhajir26@gmail.com', NULL, NULL, NULL, NULL, NULL, NULL, NULL, 1569377821, 1569380635, 1, 'muh muhajir', 'muhajir s', '085211987069', ''),
(102, 3, '180.244.37.163', 'gianjaya@gmail.com', '$2y$10$9nnjbqERzzJYns7D/9e2ou05Vs2qqnivIkSdg8PyZI05MZae/iOrC', 'gianjaya@gmail.com', NULL, NULL, NULL, NULL, NULL, NULL, NULL, 1569377871, 1569381509, 1, 'Gianjayabintang', 'Bintang', '081342330712', ''),
(103, 3, '180.244.37.163', 'openresa@gmail.com', '$2y$10$XCztE9VgiFEey1owbUoatu7wpnvLLAVRj6SozSDb0WxVbx0RJ7HYK', 'openresa@gmail.com', NULL, NULL, NULL, NULL, NULL, NULL, NULL, 1569377971, 1569377980, 1, 'bayu', 'ananda', '', ''),
(104, 3, '114.125.205.143', 'tharkhanalfarabi@gmail.com', '$2y$10$JH5UXcjtKU1wLx0fC3GJouBS8D7EKfwZvJoZur1esVIcdJDN9gfHK', 'tharkhanalfarabi@gmail.com', NULL, NULL, NULL, NULL, NULL, NULL, NULL, 1569378107, 1569378141, 1, 'THARKHAN AL FARABI', 'ARYUN MATTOA', '082333328877', ''),
(105, 3, '114.125.200.100', 'fadilmuh@gmail.com', '$2y$10$OjHkKloMzl6WCjArOwWLfeHdJaafrxUOeFY4OfhCRLUoT0zAn6qVO', 'fadilmuh@gmail.com', NULL, NULL, NULL, NULL, NULL, NULL, NULL, 1569378191, 1569378205, 1, 'FADIL', 'MUHAMMAD', '085256845931', ''),
(106, 3, '112.215.172.211', 'irnagustinn@gmail.com', '$2y$10$0CIFYDIsWLcukN.DVUc4oOYQvoQTT2oc0htVCV/Amduv0FoVeOMbW', 'irnagustinn@gmail.com', NULL, NULL, NULL, NULL, NULL, NULL, NULL, 1569378533, NULL, 1, 'Irna', 'Agustin', '085299633204', ''),
(107, 3, '180.249.0.196', 'suman@nselahgmail.com', '$2y$10$1.7UffrHrwYNrdn/vXJexuzEZQKaIBvOkL2VgttL8ACxxlxMYVO/a', 'suman@nselahgmail.com', NULL, NULL, NULL, NULL, NULL, NULL, NULL, 1569380650, NULL, 1, 'Naysilla', 'RENATA ANSELAH', '085338056165', ''),
(108, 3, '180.249.0.196', 'musabri27@gmail.com', '$2y$10$dLuzMcH/jqp9YRsCtE6KLu8v59Z3qWdHoxRDr7hEEP5RZSiv92RyC', 'musabri27@gmail.com', NULL, NULL, NULL, NULL, NULL, NULL, NULL, 1569380777, NULL, 1, 'mussabri adha latolalo', 'mussabri', '082191397421', ''),
(109, 3, '180.249.0.196', 'irnagustinn7@gmail.com', '$2y$10$p9jj9GLY9pc2OxRXgPg5Me9T6.0dToXqr.X6vvrQ735lGUWWFs9oa', 'irnagustinn7@gmail.com', NULL, NULL, NULL, NULL, NULL, NULL, NULL, 1569380802, 1569381110, 1, 'Irna', 'Agustin', '085299633204', ''),
(110, 3, '182.1.161.198', 'adefathir@gmail.com', '$2y$10$5axR3EBOm7J1aKPPwFnHyOD9uZQy8PGtsUrjVHVfCYg87nE92uCpq', 'adefathir@gmail.com', NULL, NULL, NULL, NULL, NULL, NULL, NULL, 1569380976, 1569380993, 1, 'Ade', 'Fathir', '082195254226', ''),
(111, 3, '180.249.0.196', 'musabri31@gmail.com', '$2y$10$lXfS7tUp./isTSDuKWNeaOy/6u9u3bazYOsODpIGrG2iNJwV02ONu', 'musabri31@gmail.com', NULL, NULL, NULL, NULL, NULL, NULL, NULL, 1569380978, 1569380995, 1, 'mussabri adha latolalo', 'mussabri', '082191397421', ''),
(112, 3, '182.1.168.252', 'inayah.zahra28@gmail.com', '$2y$10$No9RIdhy8iHnOjccR9fR8OlHd/6IvpCMgXi.O3EJo1KTiD.qx1DEa', 'inayah.zahra28@gmail.com', NULL, NULL, NULL, NULL, NULL, NULL, NULL, 1569381074, 1569381145, 1, 'waode', 'inayatu zahra', '085299262698', ''),
(113, 3, '182.1.168.252', 'fakhrana18@gmail.com', '$2y$10$9SufyUYom6r6IsRr/XCwEeZV3mrMVMvXbA9XtZJMTywtME1W3pNFa', 'fakhrana18@gmail.com', NULL, NULL, NULL, NULL, NULL, NULL, NULL, 1569381094, 1569381224, 1, 'Fakhrana', 'Aris', '085336788963', ''),
(114, 3, '182.1.211.14', 'nabiilarifdah2@gmail.com', '$2y$10$Zk5mIOxMED0RNmvN1GGFzOeFwYNKLVVZBSeOuz/.pUliSm7LCkupK', 'nabiilarifdah2@gmail.com', NULL, NULL, NULL, NULL, NULL, NULL, NULL, 1569381101, 1569381148, 1, 'rifdah', 'nabiila', '082292565224', ''),
(115, 3, '180.249.0.196', 'balqisiskandar@gmail.com', '$2y$10$SDrld.N2fh4QLlxaSRzp5.yg3/WgEBnq4gjctvmm6E1rs5QWi.d1W', 'balqisiskandar@gmail.com', NULL, NULL, NULL, NULL, NULL, NULL, NULL, 1569381119, 1569381250, 1, 'balkisk', 'khalila', '082267750864', ''),
(116, 3, '182.1.194.0', 'faradisa.rahmi99@gmail.com', '$2y$10$V3hh4w4OFYG2r3NCcPtgsO8y5tw83.7aNwFsfAv6dUpFNMmtD1dRq', 'faradisa.rahmi99@gmail.com', NULL, NULL, NULL, NULL, NULL, NULL, NULL, 1569381141, 1569381283, 1, 'Maulida Fajrin', 'Faradisa Rahmi', '085299009900', ''),
(117, 3, '112.215.242.245', 'rslndae@gmail.com', '$2y$10$0pdZ76/CcqTl6gBsPlFrEu3YTBypZJNHdpKRZYOUG3zvACAfIlkMG', 'rslndae@gmail.com', NULL, NULL, NULL, NULL, NULL, NULL, NULL, 1569381215, 1569381244, 1, 'amalia zahra a\"raaf wulandari', 'silondae', '082271502826', ''),
(118, 3, '180.249.0.196', 'nurrahma2003@gmail.com', '$2y$10$CbPXTa/pyghqZ0tcU.sEo.UkfxSOqMHWKvDtK//1hp/C.jXvvt9Om', 'nurrahma2003@gmail.com', NULL, NULL, NULL, NULL, NULL, NULL, NULL, 1569381246, 1569381335, 1, 'nur', 'rahmah', '081240451734', ''),
(119, 3, '114.125.180.58', 'nurmuhammad2004@gmail.com', '$2y$10$cxr7i/7C5bwdBHqSVwPLbu6TkNnxfs.TNmHoWA95bfmO5CAb9FLy.', 'nurmuhammad2004@gmail.com', NULL, NULL, NULL, NULL, NULL, NULL, NULL, 1569381261, 1569381299, 1, 'Nur', 'Muhammad', '082284117283', ''),
(120, 3, '182.1.194.50', 'muhammadrezha15@gmail.com', '$2y$10$uYQ6vWKBo9ejp9xRRjnFi.MoGYImTImqMQCAyKILmYE2g/lrVJSIW', 'muhammadrezha15@gmail.com', NULL, NULL, NULL, NULL, NULL, NULL, NULL, 1569381266, 1569381274, 1, 'Muhammad reza', 'zulhijja', '082217480694', ''),
(121, 3, '180.249.0.196', 'syantik@gmail.com', '$2y$10$bFEfBvEBVxrGcBM7aRwUge1vIgHWH0xvYbNGJUcafxqIsM9Br6td.', 'syantik@gmail.com', NULL, NULL, NULL, NULL, NULL, NULL, NULL, 1569381277, 1569381380, 1, 'GHISANI SALZABILA', 'PUTRI', '081247158043', ''),
(122, 3, '114.125.215.6', 'chusnul.fharadilla@icloud.com', '$2y$10$akMOZZ1feT2QzyOtKyao1O4z3FHKkZKhXmwLxTH99I.2rnRKsLuuq', 'chusnul.fharadilla@icloud.com', NULL, NULL, NULL, NULL, NULL, NULL, NULL, 1569381278, NULL, 1, 'Chusnul fharadilla gaha', 'Chusnul', '085299983244', ''),
(123, 3, '180.249.0.196', 'bintangali2602@gmail.com', '$2y$10$NgOyHR0vI56F.qFdMA2uKe2QS1/9ZKXHLjmUDeeYgOLMmIn3zKxeG', 'bintangali2602@gmail.com', NULL, NULL, NULL, NULL, NULL, NULL, NULL, 1569381296, 1569381781, 1, 'tri bintang', 'muhammad', '082192726838', ''),
(124, 3, '114.125.215.6', 'rrslndae@gmail.com', '$2y$10$Ch2yafqVeeSeNvIVGLGMOO6ZfJC31d274C5qFQ.JfQ9fzPt1ffS1m', 'rrslndae@gmail.com', NULL, NULL, NULL, NULL, NULL, NULL, NULL, 1569381363, 1569381385, 1, 'Chusnul fharadilla', 'Gaha', '085299983244', ''),
(125, 3, '112.215.172.51', 'sabrinakdi@gmail.com', '$2y$10$kt0rN5AFWB6/ewaHZBZH5eAZJKgtiD0OD3S8yNC514ymUOd90JdSi', 'sabrinakdi@gmail.com', NULL, NULL, NULL, NULL, NULL, NULL, NULL, 1569381464, 1569381478, 1, 'SABRINA', 'WAHYUNI MEYITIA', '082152871305', ''),
(126, 3, '180.249.0.196', 'naysillarenata@gmail.com', '$2y$10$KY2IQPzxfj2jqJPkIuu79uraophpL879Se9D4Zd8MKxn0AA/o.RrS', 'naysillarenata@gmail.com', NULL, NULL, NULL, NULL, NULL, NULL, NULL, 1569381497, 1569381512, 1, 'Naysilla', 'RENATA ANSELAH', '085338056165', ''),
(127, 3, '182.1.211.14', 'mutiasyahrani8@gmail.com', '$2y$10$DRNwppkU8wJy48DAW04Hk.UJEaT1L5/zgbQZcLj.t9YJKCpDU5hP2', 'mutiasyahrani8@gmail.com', NULL, NULL, NULL, NULL, NULL, NULL, NULL, 1569381667, 1569381721, 1, 'Mutia', 'Syahrani', '082340395621', ''),
(128, 3, '180.249.0.196', 'putryrahayuagustin@gmail.com', '$2y$10$Fwi4ORTCrtwuT5NM.IHky.GW1vqQv46xi4pnsY4tyXNAXwkvJKCvK', 'putryrahayuagustin@gmail.com', NULL, NULL, NULL, NULL, NULL, NULL, NULL, 1569381767, 1569381803, 1, 'Putri Rahayu', 'Agustin', '082290723655', ''),
(129, 3, '182.1.209.82', 'rahmat01@gmail.com', '$2y$10$IyRVezWZ/pvJhlUSb7UOVup6fmqrSYSqkLcqGUw.8SKFRqKkCACju', 'rahmat01@gmail.com', NULL, NULL, NULL, NULL, NULL, NULL, NULL, 1569381787, 1569381825, 1, 'rahmad01', 'muhammad', '085338666209', ''),
(130, 3, '180.249.0.196', 'reskysurahman@gmail.com', '$2y$10$bh6MkKBKwYaXuqmBHw7jSO49G064Hg0oL19ld4rqFXqIwZEsAufeq', 'reskysurahman@gmail.com', NULL, NULL, NULL, NULL, NULL, NULL, NULL, 1569381803, NULL, 1, 'resky', 'Surahman harianto', '085328358815', ''),
(131, 3, '180.249.0.196', 'fauzib2602@gmail.com', '$2y$10$xGUc6EH/wXBxJvmWfG2skOXLU/5Pc.KTw3B0RHSt583wUjH/eXWbO', 'fauzib2602@gmail.com', NULL, NULL, NULL, NULL, NULL, NULL, NULL, 1569382135, 1569382150, 1, 'Tri bintang', 'Muhammad', '082192726838', ''),
(132, 3, '180.249.0.196', 'rahman@gmail.com', '$2y$10$atrDuQGDPhxiUpexP1lypO1/mjSSzP9fkG7iFaOELMikGoyvD2MQ6', 'rahman@gmail.com', NULL, NULL, NULL, NULL, NULL, NULL, NULL, 1569382193, 1569383407, 1, 'Rahman', 'Surahman', '085328358815', ''),
(133, 3, '180.249.0.196', 'rahmat78@gmail.com', '$2y$10$iQJ6tcIv8OVemsxGEla7p.AYL8MDLKkKwpO5m2qWkdZhY7we9gQvq', 'rahmat78@gmail.com', NULL, NULL, NULL, NULL, NULL, NULL, NULL, 1569382225, 1569382321, 1, 'Rachmat01', 'Muhammad', '085338666209', ''),
(134, 3, '112.215.242.245', 'nadjwakendari17@gmail.com', '$2y$10$hwUFVknR.xf3ztK4J8VXIenpeoNWualucNLyiyV9b7ChXrpwYNHBK', 'nadjwakendari17@gmail.com', NULL, NULL, NULL, NULL, NULL, NULL, NULL, 1569382805, 1569383562, 1, 'nadya', 'najwa', '085241934399', '');

-- --------------------------------------------------------

--
-- Table structure for table `teacher_course`
--

CREATE TABLE `teacher_course` (
  `id` int(10) UNSIGNED NOT NULL,
  `user_id` bigint(20) UNSIGNED NOT NULL,
  `course_id` int(10) UNSIGNED NOT NULL
) ENGINE=InnoDB DEFAULT CHARSET=latin1;

--
-- Dumping data for table `teacher_course`
--

INSERT INTO `teacher_course` (`id`, `user_id`, `course_id`) VALUES
(1, 5, 1);

-- --------------------------------------------------------

--
-- Table structure for table `teacher_profile`
--

CREATE TABLE `teacher_profile` (
  `id` int(10) UNSIGNED NOT NULL,
  `user_id` bigint(20) UNSIGNED NOT NULL,
  `edu_ladder_id` int(10) UNSIGNED NOT NULL,
  `nip` varchar(30) NOT NULL
) ENGINE=InnoDB DEFAULT CHARSET=latin1;

--
-- Dumping data for table `teacher_profile`
--

INSERT INTO `teacher_profile` (`id`, `user_id`, `edu_ladder_id`, `nip`) VALUES
(2, 5, 3, '000 10');

--
-- Indexes for dumped tables
--

--
-- Indexes for table `bank_soal`
--
ALTER TABLE `bank_soal`
  ADD PRIMARY KEY (`id`),
  ADD KEY `course_id` (`course_id`),
  ADD KEY `user_id` (`user_id`),
  ADD KEY `class_id` (`class_id`);

--
-- Indexes for table `classes`
--
ALTER TABLE `classes`
  ADD PRIMARY KEY (`id`),
  ADD KEY `course_id` (`course_id`);

--
-- Indexes for table `courses`
--
ALTER TABLE `courses`
  ADD PRIMARY KEY (`id`),
  ADD KEY `edu_ladder_id` (`edu_ladder_id`);

--
-- Indexes for table `edu_ladder`
--
ALTER TABLE `edu_ladder`
  ADD PRIMARY KEY (`id`);

--
-- Indexes for table `student_course`
--
ALTER TABLE `student_course`
  ADD PRIMARY KEY (`id`),
  ADD KEY `course_id` (`course_id`),
  ADD KEY `user_id` (`user_id`);

--
-- Indexes for table `tabel_hasil_ulangan`
--
ALTER TABLE `tabel_hasil_ulangan`
  ADD PRIMARY KEY (`id`),
  ADD KEY `user_id` (`user_id`),
  ADD KEY `ulangan_id` (`ulangan_id`);

--
-- Indexes for table `tabel_jawaban`
--
ALTER TABLE `tabel_jawaban`
  ADD PRIMARY KEY (`id`),
  ADD KEY `soal_id` (`soal_id`);

--
-- Indexes for table `tabel_jawaban_siswa`
--
ALTER TABLE `tabel_jawaban_siswa`
  ADD PRIMARY KEY (`id`),
  ADD KEY `user_id` (`user_id`),
  ADD KEY `soal_id` (`soal_id`),
  ADD KEY `ulangan_id` (`ulangan_id`);

--
-- Indexes for table `tabel_kerja`
--
ALTER TABLE `tabel_kerja`
  ADD PRIMARY KEY (`id`),
  ADD KEY `user_id` (`user_id`),
  ADD KEY `ulangan_id` (`ulangan_id`);

--
-- Indexes for table `tabel_referensi_soal`
--
ALTER TABLE `tabel_referensi_soal`
  ADD PRIMARY KEY (`id`),
  ADD KEY `ulangan_id` (`ulangan_id`),
  ADD KEY `bank_soal_id` (`bank_soal_id`);

--
-- Indexes for table `tabel_soal`
--
ALTER TABLE `tabel_soal`
  ADD PRIMARY KEY (`id`) USING BTREE,
  ADD KEY `bank_soal_id` (`bank_soal_id`);

--
-- Indexes for table `tabel_ulangan`
--
ALTER TABLE `tabel_ulangan`
  ADD PRIMARY KEY (`id`) USING BTREE,
  ADD KEY `creator_id` (`creator_id`),
  ADD KEY `tabel_ulangan_ibfk_2` (`class_id`);

--
-- Indexes for table `table_groups`
--
ALTER TABLE `table_groups`
  ADD PRIMARY KEY (`id`);

--
-- Indexes for table `table_log`
--
ALTER TABLE `table_log`
  ADD PRIMARY KEY (`log_id`);

--
-- Indexes for table `table_login_attempts`
--
ALTER TABLE `table_login_attempts`
  ADD PRIMARY KEY (`id`);

--
-- Indexes for table `table_menus`
--
ALTER TABLE `table_menus`
  ADD PRIMARY KEY (`id`);

--
-- Indexes for table `table_users`
--
ALTER TABLE `table_users`
  ADD PRIMARY KEY (`id`),
  ADD UNIQUE KEY `uc_email` (`email`),
  ADD UNIQUE KEY `uc_activation_selector` (`activation_selector`),
  ADD UNIQUE KEY `uc_forgotten_password_selector` (`forgotten_password_selector`),
  ADD UNIQUE KEY `uc_remember_selector` (`remember_selector`),
  ADD KEY `group_id` (`group_id`);

--
-- Indexes for table `teacher_course`
--
ALTER TABLE `teacher_course`
  ADD PRIMARY KEY (`id`),
  ADD KEY `course_id` (`course_id`),
  ADD KEY `user_id` (`user_id`);

--
-- Indexes for table `teacher_profile`
--
ALTER TABLE `teacher_profile`
  ADD PRIMARY KEY (`id`),
  ADD KEY `user_id` (`user_id`),
  ADD KEY `edu_ladder_id` (`edu_ladder_id`);

--
-- AUTO_INCREMENT for dumped tables
--

--
-- AUTO_INCREMENT for table `bank_soal`
--
ALTER TABLE `bank_soal`
  MODIFY `id` int(10) UNSIGNED NOT NULL AUTO_INCREMENT, AUTO_INCREMENT=7;

--
-- AUTO_INCREMENT for table `classes`
--
ALTER TABLE `classes`
  MODIFY `id` int(10) UNSIGNED NOT NULL AUTO_INCREMENT, AUTO_INCREMENT=2;

--
-- AUTO_INCREMENT for table `courses`
--
ALTER TABLE `courses`
  MODIFY `id` int(10) UNSIGNED NOT NULL AUTO_INCREMENT, AUTO_INCREMENT=2;

--
-- AUTO_INCREMENT for table `edu_ladder`
--
ALTER TABLE `edu_ladder`
  MODIFY `id` int(10) UNSIGNED NOT NULL AUTO_INCREMENT, AUTO_INCREMENT=6;

--
-- AUTO_INCREMENT for table `student_course`
--
ALTER TABLE `student_course`
  MODIFY `id` int(10) UNSIGNED NOT NULL AUTO_INCREMENT;

--
-- AUTO_INCREMENT for table `tabel_hasil_ulangan`
--
ALTER TABLE `tabel_hasil_ulangan`
  MODIFY `id` bigint(20) UNSIGNED NOT NULL AUTO_INCREMENT, AUTO_INCREMENT=118;

--
-- AUTO_INCREMENT for table `tabel_jawaban`
--
ALTER TABLE `tabel_jawaban`
  MODIFY `id` bigint(20) UNSIGNED NOT NULL AUTO_INCREMENT, AUTO_INCREMENT=428;

--
-- AUTO_INCREMENT for table `tabel_jawaban_siswa`
--
ALTER TABLE `tabel_jawaban_siswa`
  MODIFY `id` bigint(20) UNSIGNED NOT NULL AUTO_INCREMENT, AUTO_INCREMENT=1894;

--
-- AUTO_INCREMENT for table `tabel_kerja`
--
ALTER TABLE `tabel_kerja`
  MODIFY `id` int(11) NOT NULL AUTO_INCREMENT;

--
-- AUTO_INCREMENT for table `tabel_referensi_soal`
--
ALTER TABLE `tabel_referensi_soal`
  MODIFY `id` bigint(20) UNSIGNED NOT NULL AUTO_INCREMENT, AUTO_INCREMENT=22;

--
-- AUTO_INCREMENT for table `tabel_soal`
--
ALTER TABLE `tabel_soal`
  MODIFY `id` int(11) UNSIGNED NOT NULL AUTO_INCREMENT, AUTO_INCREMENT=95;

--
-- AUTO_INCREMENT for table `tabel_ulangan`
--
ALTER TABLE `tabel_ulangan`
  MODIFY `id` int(11) UNSIGNED NOT NULL AUTO_INCREMENT, AUTO_INCREMENT=18;

--
-- AUTO_INCREMENT for table `table_groups`
--
ALTER TABLE `table_groups`
  MODIFY `id` mediumint(8) UNSIGNED NOT NULL AUTO_INCREMENT, AUTO_INCREMENT=4;

--
-- AUTO_INCREMENT for table `table_log`
--
ALTER TABLE `table_log`
  MODIFY `log_id` int(11) NOT NULL AUTO_INCREMENT, AUTO_INCREMENT=309;

--
-- AUTO_INCREMENT for table `table_login_attempts`
--
ALTER TABLE `table_login_attempts`
  MODIFY `id` int(11) UNSIGNED NOT NULL AUTO_INCREMENT;

--
-- AUTO_INCREMENT for table `table_menus`
--
ALTER TABLE `table_menus`
  MODIFY `id` int(11) UNSIGNED NOT NULL AUTO_INCREMENT, AUTO_INCREMENT=44;

--
-- AUTO_INCREMENT for table `table_users`
--
ALTER TABLE `table_users`
  MODIFY `id` bigint(20) UNSIGNED NOT NULL AUTO_INCREMENT, AUTO_INCREMENT=135;

--
-- AUTO_INCREMENT for table `teacher_course`
--
ALTER TABLE `teacher_course`
  MODIFY `id` int(10) UNSIGNED NOT NULL AUTO_INCREMENT, AUTO_INCREMENT=2;

--
-- AUTO_INCREMENT for table `teacher_profile`
--
ALTER TABLE `teacher_profile`
  MODIFY `id` int(10) UNSIGNED NOT NULL AUTO_INCREMENT, AUTO_INCREMENT=3;

--
-- Constraints for dumped tables
--

--
-- Constraints for table `bank_soal`
--
ALTER TABLE `bank_soal`
  ADD CONSTRAINT `bank_soal_ibfk_1` FOREIGN KEY (`course_id`) REFERENCES `courses` (`id`),
  ADD CONSTRAINT `bank_soal_ibfk_2` FOREIGN KEY (`user_id`) REFERENCES `table_users` (`id`),
  ADD CONSTRAINT `bank_soal_ibfk_3` FOREIGN KEY (`class_id`) REFERENCES `classes` (`id`);

--
-- Constraints for table `classes`
--
ALTER TABLE `classes`
  ADD CONSTRAINT `classes_ibfk_1` FOREIGN KEY (`course_id`) REFERENCES `courses` (`id`);

--
-- Constraints for table `courses`
--
ALTER TABLE `courses`
  ADD CONSTRAINT `courses_ibfk_1` FOREIGN KEY (`edu_ladder_id`) REFERENCES `edu_ladder` (`id`);

--
-- Constraints for table `student_course`
--
ALTER TABLE `student_course`
  ADD CONSTRAINT `student_course_ibfk_1` FOREIGN KEY (`course_id`) REFERENCES `courses` (`id`),
  ADD CONSTRAINT `student_course_ibfk_2` FOREIGN KEY (`user_id`) REFERENCES `table_users` (`id`);

--
-- Constraints for table `tabel_hasil_ulangan`
--
ALTER TABLE `tabel_hasil_ulangan`
  ADD CONSTRAINT `tabel_hasil_ulangan_ibfk_2` FOREIGN KEY (`user_id`) REFERENCES `table_users` (`id`),
  ADD CONSTRAINT `tabel_hasil_ulangan_ibfk_3` FOREIGN KEY (`ulangan_id`) REFERENCES `tabel_ulangan` (`id`);

--
-- Constraints for table `tabel_jawaban`
--
ALTER TABLE `tabel_jawaban`
  ADD CONSTRAINT `tabel_jawaban_ibfk_1` FOREIGN KEY (`soal_id`) REFERENCES `tabel_soal` (`id`);

--
-- Constraints for table `tabel_jawaban_siswa`
--
ALTER TABLE `tabel_jawaban_siswa`
  ADD CONSTRAINT `tabel_jawaban_siswa_ibfk_2` FOREIGN KEY (`user_id`) REFERENCES `table_users` (`id`),
  ADD CONSTRAINT `tabel_jawaban_siswa_ibfk_3` FOREIGN KEY (`soal_id`) REFERENCES `tabel_soal` (`id`),
  ADD CONSTRAINT `tabel_jawaban_siswa_ibfk_4` FOREIGN KEY (`ulangan_id`) REFERENCES `tabel_ulangan` (`id`);

--
-- Constraints for table `tabel_kerja`
--
ALTER TABLE `tabel_kerja`
  ADD CONSTRAINT `tabel_kerja_ibfk_2` FOREIGN KEY (`user_id`) REFERENCES `table_users` (`id`),
  ADD CONSTRAINT `tabel_kerja_ibfk_3` FOREIGN KEY (`ulangan_id`) REFERENCES `tabel_ulangan` (`id`);

--
-- Constraints for table `tabel_referensi_soal`
--
ALTER TABLE `tabel_referensi_soal`
  ADD CONSTRAINT `tabel_referensi_soal_ibfk_2` FOREIGN KEY (`ulangan_id`) REFERENCES `tabel_ulangan` (`id`),
  ADD CONSTRAINT `tabel_referensi_soal_ibfk_3` FOREIGN KEY (`bank_soal_id`) REFERENCES `bank_soal` (`id`);

--
-- Constraints for table `tabel_soal`
--
ALTER TABLE `tabel_soal`
  ADD CONSTRAINT `tabel_soal_ibfk_1` FOREIGN KEY (`bank_soal_id`) REFERENCES `bank_soal` (`id`);

--
-- Constraints for table `tabel_ulangan`
--
ALTER TABLE `tabel_ulangan`
  ADD CONSTRAINT `tabel_ulangan_ibfk_1` FOREIGN KEY (`creator_id`) REFERENCES `table_users` (`id`),
  ADD CONSTRAINT `tabel_ulangan_ibfk_2` FOREIGN KEY (`class_id`) REFERENCES `classes` (`id`);

--
-- Constraints for table `table_users`
--
ALTER TABLE `table_users`
  ADD CONSTRAINT `table_users_ibfk_1` FOREIGN KEY (`group_id`) REFERENCES `table_groups` (`id`);

--
-- Constraints for table `teacher_course`
--
ALTER TABLE `teacher_course`
  ADD CONSTRAINT `teacher_course_ibfk_1` FOREIGN KEY (`course_id`) REFERENCES `courses` (`id`),
  ADD CONSTRAINT `teacher_course_ibfk_2` FOREIGN KEY (`user_id`) REFERENCES `table_users` (`id`);

--
-- Constraints for table `teacher_profile`
--
ALTER TABLE `teacher_profile`
  ADD CONSTRAINT `teacher_profile_ibfk_1` FOREIGN KEY (`user_id`) REFERENCES `table_users` (`id`),
  ADD CONSTRAINT `teacher_profile_ibfk_2` FOREIGN KEY (`edu_ladder_id`) REFERENCES `edu_ladder` (`id`);
COMMIT;

/*!40101 SET CHARACTER_SET_CLIENT=@OLD_CHARACTER_SET_CLIENT */;
/*!40101 SET CHARACTER_SET_RESULTS=@OLD_CHARACTER_SET_RESULTS */;
/*!40101 SET COLLATION_CONNECTION=@OLD_COLLATION_CONNECTION */;
